caption,num_comments,taken_at,img_url,num_likes,username,may_contain,monsters
"Weâ€™ve just posted our #ManchesterBID Spring Newsletter online at Manchesterbid.com where we share 2018 successes @halloweenmcr @kingstfestival @beeinthecitymcr @chinesenewyearmcr #MCRStudentSocial with #manchesterarndale & our #MysteryShoppingMCR awards. Â£millions of press AVE across 100â€™s of national articles thanks to @echo_makemorenoise
..
..
Head to website to have a flick for 2019 diary dates, operational services and a reminder of whoâ€™s on the BID Board too ğŸ‘ˆ
..
..
Hereâ€™s a #FB to our @filthyluker #MCRMonsters that landed for #HalloweenMCR @houseoffraser @35dalest @manchesterarndale #piccadillyplace @mayfieldmanchester
We miss these guys ğŸ‘¾
..
..
#manchester #events #festivals #retail #pr #campaigns #businessimprovementdistrict",6,11/03/2019 14:16,https://scontent-lhr3-1.cdninstagram.com/vp/c21fff4625d7ae68b8ab6df83f24b5de/5E4F1E54/t51.2885-15/e35/52518148_687920544956043_1582927684876563943_n.jpg?_nc_ht=scontent-lhr3-1.cdninstagram.com&_nc_cat=103,106,citycomanchesterbid,Image may contain: shoes,green scream
"Weâ€™re so excited, #HalloweenMCR is our next event (26&27 October) and itâ€™s set to be #spooktacular ğŸ‘» ..
The #MCRMonsters are coming.....
..
Whatâ€™s On: visitmanchester.com/Halloween #HalloweenMCR
..
..
@the.manc @citylifemanchester @mcrwire @creativetourist @culturetrip @mcrfinest @mcrwithkids @familymanc",1,26/09/2019 16:17,https://scontent-lhr3-1.cdninstagram.com/vp/8d5272952c3cf4adbcc77ef11a34e8c9/5E4C1974/t51.2885-15/e35/s1080x1080/71193207_130296711674132_8601715609306176859_n.jpg?_nc_ht=scontent-lhr3-1.cdninstagram.com&_nc_cat=108,40,cityco.manchesterbid,Image may contain: plant and outdoor,event
"Look up! Look out! Beware! The monsters are back! FOLLOW @halloweenmcr #mcrmonsters #halloweenmcr .
.
#monsterinvasion #halloween #halloween2019 #spooky #manchester
.
.",0,01/10/2019 13:52,https://scontent-lhr3-1.cdninstagram.com/vp/f7edb8b8949695f142a13b283859e4f8/5DBAB0A7/t51.2885-15/e35/70094224_161779248357680_4556649642748237376_n.jpg?_nc_ht=scontent-lhr3-1.cdninstagram.com&_nc_cat=108,14,makeascenefilm,NA,other
"Head to @ManchesterArndale during #HalloweenintheCity for magical storytelling sessions of Room on the Broom with @Z.mcr. â €
â €
Plus, keep your eye out for family favourite Zog, who will help you along the Trick or Treat Trail.â €
â €
#MCRmonsters â €â €
#Halloween â €â €
#HalloweenMCRâ €
#Manchester â €â €
#MonsterInvasion â €â €
#Halloween2019",2,10/10/2019 07:02,https://scontent-lhr3-1.cdninstagram.com/vp/22109f9d06cb6381218e519c36d87243/5E4CF630/t51.2885-15/fr/e15/s1080x1080/70428150_693332401150996_4837811622644420764_n.jpg?_nc_ht=scontent-lhr3-1.cdninstagram.com&_nc_cat=104,40,halloweenmcr,"Image may contain: one or more people, people on stage, child and outdoor",event
"Two weeks to go! ğŸƒ â €
â €
#HalloweenMCRâ €
â €â €
#MCRmonsters â €â €â €
#Halloween â €â €â €
#Manchester â €â €â €
#MonsterInvasion â €â €â €
#Halloween2019",3,12/10/2019 17:16,https://scontent-lhr3-1.cdninstagram.com/vp/fa7042bffe62ec390a7e453761687965/5DBA4347/t51.2885-15/e15/71531869_492344664650237_7535780987687801221_n.jpg?_nc_ht=scontent-lhr3-1.cdninstagram.com&_nc_cat=105,37,halloweenmcr,NA,promo art
"Games!â €
Rides!â €
Prizes!â €
Tricks!â €
Treats!â €
â €
Step right up to Grimm Rita's Creepy Carnival, bursting with street performers, sideshow stalls & a traditional Helter-skelter. â €
â €
www.halloweenMCR.com â €
â €
#MCRmonsters â €â €
#Halloween â €â €
#HalloweenMCRâ €
#Manchester â €â €
#MonsterInvasion â €â €
#Halloween2019",2,15/10/2019 19:00,https://scontent-lhr3-1.cdninstagram.com/vp/b7a044db29b5364d6a88898dfe7ab371/5E4C31C6/t51.2885-15/fr/e15/s1080x1080/71037121_491398155046390_5535364785480165143_n.jpg?_nc_ht=scontent-lhr3-1.cdninstagram.com&_nc_cat=110,44,halloweenmcr,"Image may contain: one or more people, people standing, tree and outdoor",event
"Stunning picture of our #HalloweenMCR pumpkins. â €
â €
Thanks @rebekah.zoe for sharing ğŸƒ. â €
â €
#MCRmonsters â €â €â €
#Halloween â €â €â €
#HalloweenMCRâ €â €
#Manchester â €â €â €
#MonsterInvasion â €â €â €
#Halloween2019",0,16/10/2019 15:22,https://scontent-lhr3-1.cdninstagram.com/vp/0552d395a33cede9fc6727427e58da85/5E5C4424/t51.2885-15/e35/71198431_168421697601544_5317750093166597249_n.jpg?_nc_ht=scontent-lhr3-1.cdninstagram.com&_nc_cat=104,44,halloweenmcr,Image may contain: sky and outdoor,lanterns
"The Spooky Pooch Costume Show is back! â €
â €
Sunday 27 October, @theoasthousemcr, @Spinningfields. â €
â €
#MCRmonsters â €â €
#Halloween â €â €
#HalloweenMCRâ €
#Manchester â €â €
#MonsterInvasion â €â €
#Halloween2019â €
#DogoftheDayâ €
#DogLoverâ €
#Petstagram â €
#Dogsofig â €
#Dogs_of_Instagram â €
#PetsofInstagram â €
#PuppiesofInstagramâ €
#InstaPuppy",6,16/10/2019 19:22,https://scontent-lhr3-1.cdninstagram.com/vp/f733845b659c074eef6055f42493c71b/5E641B94/t51.2885-15/e35/s1080x1080/72267439_181815752864752_1432029834899294132_n.jpg?_nc_ht=scontent-lhr3-1.cdninstagram.com&_nc_cat=104,46,halloweenmcr,Image may contain: dog,other
"Get ready to follow the trail of Manchester monster madness this halloween - starting at @depotatmayfield! ğŸ‘¾ 
#MCRmonsters #HalloweenMCR #Halloween2019 #ThisIsHalloween #linkinbio",1,18/10/2019 15:11,https://scontent-lhr3-1.cdninstagram.com/vp/dd5625f8382560c327dd79351e06b358/5E4890DC/t51.2885-15/e35/72361344_2447249538936030_5536868822524031099_n.jpg?_nc_ht=scontent-lhr3-1.cdninstagram.com&_nc_cat=106,190,mayfieldmanchester,Image may contain: night and outdoor,fake
"Head to #Halloween in the City for a whole host of free, family fun this October half term.â €
â €
Saturday 26 & Sunday 27 October, Manchester city centreâ €
â €
www.halloweenmcr.com â €
â €
#HalloweenMCRâ €
#MCRmonsters â €â €
#Halloween â €â €
#Manchester â €â €
#MonsterInvasion â €â €
#Halloween2019â €
#HalfTerm 
@cityco.manchesterbid",0,18/10/2019 19:00,https://scontent-lhr3-1.cdninstagram.com/vp/fc8157a12d0575da47d8141ef502cce4/5E4D1F65/t51.2885-15/e15/71056421_228776274770831_3029765444753203158_n.jpg?_nc_ht=scontent-lhr3-1.cdninstagram.com&_nc_cat=111,18,halloweenmcr,Image may contain: one or more people,other
"One week to go!â €
â €
#HalloweenMCRâ €
#MCRmonsters â €â €
#Halloween â €â €
#Manchester â €â €
#MonsterInvasion â €â €
#Halloween2019
@cityco.manchesterbid",2,19/10/2019 08:00,https://scontent-lhr3-1.cdninstagram.com/vp/0cab0b142f8fffa4fd3d27e92b5e8b81/5DBA7CC6/t51.2885-15/e15/75196169_423537588307416_4166366033609323837_n.jpg?_nc_ht=scontent-lhr3-1.cdninstagram.com&_nc_cat=100,36,halloweenmcr,NA,promo art
"Itâ€™s coming... ğŸƒâ €
â €â €
#HalloweenMCRâ €â €
â €
#MCRmonsters â €â €â €
#Halloween â €â €â €
#Manchester â €â €â €
#MonsterInvasion â €â €â €
#Halloween2019 
@cityco.manchesterbid",2,20/10/2019 13:50,https://scontent-lhr3-1.cdninstagram.com/vp/62f42e190e46dbb1c4ec5b153eb264d7/5E60F619/t51.2885-15/fr/e15/s1080x1080/71183717_411345043102542_3869225599763478331_n.jpg?_nc_ht=scontent-lhr3-1.cdninstagram.com&_nc_cat=106,50,halloweenmcr,No photo description available.,promo art
"#MCRmonsters â €
â €
#HalloweenMCRâ €â €â €â €â €â €
#Halloween â €â €â €â €
#Manchester â €â €â €â €
#MonsterInvasion â €â €â €â €
#Halloween2019â €
â €
@cityco.manchesterbid",3,21/10/2019 18:28,https://scontent-lhr3-1.cdninstagram.com/vp/57fa062359ac923cf7ffaee32d60da91/5E64343F/t51.2885-15/e15/71327119_781703698917046_2329260686603127214_n.jpg?_nc_ht=scontent-lhr3-1.cdninstagram.com&_nc_cat=110,52,halloweenmcr,Image may contain: sky,orange eyes
"BrillIant to see our @halloweenmcr #campaign on the big screens around town.  Here on the #AxisTower. With thanks to the talented @moderndesigners @susie_stubbs @matbend @georgiewood__ and all our media partners across the city inc. @elonexoutdoor @manchestercitycouncil @manchester.metrolink @officialtfgm @visitmanchester @the.manc
..
..
..
..
#halloweeninmanchester #halloweenmcr #mcrmonsters #prstunt #pr #OTH #OOH #outdoormedia #streetfestivals #familyfestival #placemaking #placeshaping",0,22/10/2019 08:58,https://scontent-lhr3-1.cdninstagram.com/vp/ba4fa953046fcd2463cb2b0e45f2bf7f/5E4F8A4C/t51.2885-15/e35/s1080x1080/71780336_158535058582294_7243921031760248751_n.jpg?_nc_ht=scontent-lhr3-1.cdninstagram.com&_nc_cat=110,45,cityco.manchesterbid,"Image may contain: skyscraper, sky and outdoor",promo art
"ğŸƒğŸ’€ğŸ‘» Stuck for something to do this Halloween? We have just made it onto the @telegraph top 25 places to visit this October: https://t.co/G0d3RwkOie?amp=1

Book now, if you dare! http://www.eastlancsrailway.org.uk/events-activities/2019/10/halloween-ghost-trains.aspx

@visitlancashire @visitmanchester @halloweenmcr @dayoutwiththekids @manchestereveningnews @familiesuk 
#halloween #mcrmonsters #halloweenmcr #photoseastlancs #eastlancsrailway #eastlancashirerailway",0,22/10/2019 09:31,https://scontent-lhr3-1.cdninstagram.com/vp/c10e548d39d4093f86a29b6def52c807/5E64104A/t51.2885-15/e35/s1080x1080/71347227_158244305266906_4044414530055451881_n.jpg?_nc_ht=scontent-lhr3-1.cdninstagram.com&_nc_cat=110,139,eastlancsrly,Image may contain: train,other
The monsters are backğŸ‘» #mcrmonsters,3,22/10/2019 15:12,https://scontent-lhr3-1.cdninstagram.com/vp/4d424adc6a7576c4757d4eaefee2ad6b/5E5F724E/t51.2885-15/e35/s1080x1080/71503851_150155016199890_6640677685862265909_n.jpg?_nc_ht=scontent-lhr3-1.cdninstagram.com&_nc_cat=106,26,squareeyesvideo,"Image may contain: sky, tree and outdoor",purple tentacles
"Monster invasion!
 #halloweenmcr #monsterinvasion #mcrmonsters  #halloween2019 #dontlookup",5,22/10/2019 16:09,https://scontent-lhr3-1.cdninstagram.com/vp/a760fb3888a7893f752548b672c7d79d/5E415DBE/t51.2885-15/e35/72874810_502506483638289_5061218208400237982_n.jpg?_nc_ht=scontent-lhr3-1.cdninstagram.com&_nc_cat=109,139,nativemcr,"Image may contain: sky, cloud, tree and outdoor",blob
"Oh my, we love this fella at Ducie Warehouse: home to @nativemcr @bistrotheque @cltrplx @bloklondon. Made and staged by worldwide superstar @filthyluker. Thank you for bringing the #MCRMonsters to #Manchester Luke and team for #HalloweenMCR ğŸ’ª ğŸ‘» 
More to come... #WereGoingonaMonsterHunt #MonsterHunt",0,22/10/2019 17:54,https://scontent-lhr3-1.cdninstagram.com/vp/b52bd929a3eec352a9333dc9ff680ec1/5E5B4372/t51.2885-15/e35/72175099_741181076353034_2637460360621597237_n.jpg?_nc_ht=scontent-lhr3-1.cdninstagram.com&_nc_cat=102,92,cityco.manchesterbid,"Image may contain: sky, cloud and outdoor",blob
"The Strolling Bones are back! â €
â €
An unmissable, bone-jangling performance from @walktheplankarts. â €
â €
Catch the procession of skeleton puppets, stilt walkers, unicycle performers and a five-piece band.â €
â €
Saturday 26 & Sunday 27 October, New Cathedral Street.â €
â €
#HalloweenMCRâ €
#MCRmonsters â €â €
#Halloween â €â €
#Manchester â €â €
#MonsterInvasion â €â €
#Halloween2019â €
â €
@cityco.manchesterbid",1,22/10/2019 19:00,https://scontent-lhr3-1.cdninstagram.com/vp/ccea8e3922fae7b56108024aa8c14930/5E624638/t51.2885-15/e15/72783042_167550741062424_784282962818888931_n.jpg?_nc_ht=scontent-lhr3-1.cdninstagram.com&_nc_cat=100,42,halloweenmcr,Image may contain: one or more people,event
"#Repost @nativemcr
â€¢ â€¢ â€¢ â€¢ â€¢
Monster invasion!
 #halloweenmcr #monsterinvasion #mcrmonsters  #halloween2019 #dontlookup
#borisjohnson",0,22/10/2019 19:03,https://scontent-lhr3-1.cdninstagram.com/vp/45271db6760de2a60824a588d1676eaa/5E5D7B6E/t51.2885-15/e35/74703926_713700105796639_8479513197701038820_n.jpg?_nc_ht=scontent-lhr3-1.cdninstagram.com&_nc_cat=107,186,filthyluker,Image may contain: sky and outdoor,blob
"MCR Monsters  #halloweeninthecity ğŸ‘¾
#mcrmonsters #halloweenmcr #lovinmanchester #igersmcr",2,22/10/2019 21:36,https://scontent-lhr3-1.cdninstagram.com/vp/c33eec1b6add24fb431b88c8f1645f49/5E5F03CF/t51.2885-15/e35/71191989_561698964605848_8170683290508701018_n.jpg?_nc_ht=scontent-lhr3-1.cdninstagram.com&_nc_cat=104,62,alan.wyn,Image may contain: night and outdoor,printworks dragon
"Hey Pablo... heâ€™s behind you! .
.
.

I love Halloween & I have once again been blown away by @filthylukerâ€™s #mcrmonsters for @halloweenmcr & @cityco.manchesterbid! So today even though I didnâ€™t really have a min I made time to take the pack on a lil monster hunt.
.
.
.

Because I love it! & it made me so happy... & I think cheered up a lot of the people watching me try & get the ğŸ“¸s too ğŸ™ˆğŸ˜‚ .
.
.

I hope they make you smile too... but if not... we had fun & thatâ€™s all the matters!! ğŸ‘»ğŸ¶",5,22/10/2019 22:49,https://scontent-lhr3-1.cdninstagram.com/vp/eb095cebfb7127086d400dcda03282cc/5E504489/t51.2885-15/e35/s1080x1080/71039364_565347700937820_8318701021571567842_n.jpg?_nc_ht=scontent-lhr3-1.cdninstagram.com&_nc_cat=100,73,wolversonswolfpack,"Image may contain: sky, flower and outdoor",blob
"Theyâ€™re here! 
Look out @nativemcr @bistrotheque @cltrplx and @bloklondon @filthyluker seems to have brought something with them 
Get down to Manchester this weekend for some ghostly goings on
-
-
#halloweenmcr #manchester #visitmanchester #thisismcr #mcrmonsters #monsterinvasion #halloween2019",2,23/10/2019 08:19,https://scontent-lhr3-1.cdninstagram.com/vp/4375271b9e619fca3d3d531bf242a8f1/5E40B2C4/t51.2885-15/e35/p1080x1080/75225410_106943967297203_2052664988672511166_n.jpg?_nc_ht=scontent-lhr3-1.cdninstagram.com&_nc_cat=111,35,quorduroy,Image may contain: sky and outdoor,blob
"Another #MCRmonster has appeared on top of Q Park car park at Piccadilly Place. â €
â €
Approach with caution! ğŸ›¸â €
â €
#HalloweenMCRâ €â €
#MCRmonsters â €â €â €
#Halloween â €â €â €
#Manchester â €â €â €
#MonsterInvasion â €â €â €
#Halloween2019â €â €
â €â €
@cityco.manchesterbid",1,23/10/2019 09:16,https://scontent-lhr3-1.cdninstagram.com/vp/79af629908421969e33cd9065a33e511/5E4F0D93/t51.2885-15/e15/73546055_2835187136491642_6393709905370221204_n.jpg?_nc_ht=scontent-lhr3-1.cdninstagram.com&_nc_cat=110,131,halloweenmcr,No photo description available.,blue bigmouth
"#Repost @halloweenmcr
â€¢ â€¢ â€¢ â€¢ â€¢
They're heeeeeere!
â €
#HalloweenMCRâ €
#MCRmonsters â €â €
#Halloween â €â €
#Manchester â €â €
#MonsterInvasion â €â €
#Halloween2019
@cityco.manchesterbid",0,23/10/2019 09:33,https://scontent-lhr3-1.cdninstagram.com/vp/b997a6164fbc4da829939729f4dde73a/5DBAB056/t51.2885-15/e35/73036733_454981075365915_311411099726375288_n.jpg?_nc_ht=scontent-lhr3-1.cdninstagram.com&_nc_cat=103,69,filthyluker,NA,promo art
"The #mcrmonsters invasion has begun!
This year it's double trouble with 10 new monster friends lurking on the rooftops of Manchester. How many have you spotted?",2,23/10/2019 12:16,https://scontent-lhr3-1.cdninstagram.com/vp/4734acc09af198553b7a056ef42689d0/5E5A410A/t51.2885-15/e35/71218987_758792387916027_584071374591738457_n.jpg?_nc_ht=scontent-lhr3-1.cdninstagram.com&_nc_cat=103,62,theainscowhotel,Image may contain: outdoor,printworks dragon
"Spotted the monster on our roof? Tag us in your photos! .
.
.
@halloweenmcr @cityco.manchesterbid #halloweenmcr #mcrmonsters #manchester #mcr #rooftop #mcrprintworks",2,23/10/2019 13:17,https://scontent-lhr3-1.cdninstagram.com/vp/8e952a9fa12e3056e1a36630b294fbf4/5E3F549C/t51.2885-15/e35/p1080x1080/75454118_505691213611355_5323515351437396900_n.jpg?_nc_ht=scontent-lhr3-1.cdninstagram.com&_nc_cat=111,68,mcrprintworks,"Image may contain: sky, cloud and outdoor",printworks dragon
"I saw my first Halloween in the City invading monster today!

@halloweenmcr
@filthyluker
@cityco.manchesterbid
@visitmanchester
@mayfieldmanchester
@depotatmayfield

#halloween #halloween19 #halloween2019 #halloweenğŸƒ #halloweenğŸƒğŸ‘» #mcr #manchester #halloweeninthecity #manchesterhalloween #mcrhalloween #halloweenmanchester #halloweenmcr #mcrmonsters #monstersmcr #mcrmonsters2019 #mayfieldstation #mayfieldrailwaystation",1,23/10/2019 16:24,https://scontent-lhr3-1.cdninstagram.com/vp/96aa9e24f38b1ef3af91053112746e7a/5DBA58C4/t51.2885-15/e35/74673907_406163966959734_8006775238797425358_n.jpg?_nc_ht=scontent-lhr3-1.cdninstagram.com&_nc_cat=106,9,richard_gottfried,NA,orange eyes
Monsters are backâ€¦ #halloweenmcr #mcrmonsters,0,23/10/2019 18:28,https://scontent-lhr3-1.cdninstagram.com/vp/38dc401b1e5fd677721ecfc3d427c5ed/5E565414/t51.2885-15/e35/s1080x1080/72637300_444932083088252_3153558443643113390_n.jpg?_nc_ht=scontent-lhr3-1.cdninstagram.com&_nc_cat=108,21,kreativebomb,Image may contain: outdoor,blue bigmouth
"Look up! Monsters are back to Manchester! ğŸ‘€ .
.
.
#mcrmonsters #halloweenmcr #halloweenğŸƒğŸ‘» #igersmcr #bbcnorthwest #weâ¤ï¸manchester #visitmanchester #bbcnorthwest #uk_shooters  #igersitalia #manchestergram #ig_worldclub #communityfirst #seemycity #mcr_collective #postcardfromtheworld #vsco #visitbritain #monstersinvasion #vscocam #ig_uk #capturingbritain  #sharemykodakmoment #naturallovers #icu_britain #explore_britain #onemanchester #aroundtheworld 
#mcruk #thisismcr  #fra_terranova #vsco #vscocam",11,23/10/2019 18:39,https://scontent-lhr3-1.cdninstagram.com/vp/1a372a6ebd21f148e172d8864c2c393d/5E4F2694/t51.2885-15/e35/s1080x1080/72669378_549954562507968_8395553855436517285_n.jpg?_nc_ht=scontent-lhr3-1.cdninstagram.com&_nc_cat=100,73,fra_terranova,"Image may contain: night, sky and outdoor",purple arndale
"I saw my first Halloween in the City monster today!

It's at the old Mayfield railway station next to Piccadilly.

@halloweenmcr
@filthyluker
@cityco.manchesterbid
@visitmanchester
@mayfieldmanchester
@depotatmayfield

#halloween #halloween19 #halloween2019 #halloweenğŸƒ #halloweenğŸƒğŸ‘» #mcr #manchester #halloweeninthecity #manchesterhalloween #mcrhalloween #halloweenmanchester #halloweenmcr #mayfieldstation #mayfieldrailwaystation #mcrmonsters #mcrstreetart",0,23/10/2019 20:20,https://scontent-lhr3-1.cdninstagram.com/vp/a875284670cfd9cfe38ad80330047355/5E656793/t51.2885-15/e35/73326096_793184687803780_5870127935559481291_n.jpg?_nc_ht=scontent-lhr3-1.cdninstagram.com&_nc_cat=104,10,richard_gottfried,"Image may contain: cloud, sky and outdoor",orange eyes
"Halloween in the City!

@halloweenmcr
@nextofficial
@manchesterarndale
@filthyluker
@cityco.manchesterbid
@visitmanchester

#halloween #halloween19 #halloween2019 #halloweenğŸƒ #halloweenğŸƒğŸ‘» #mcr #manchester #halloweeninthecity #manchesterhalloween #mcrhalloween #halloweenmanchester #halloweenmcr #mcrmonsters #monstersmcr #inflatable #inflatables #inflatablemarketing #arttrail #arttrails #mcrstreetart #manchesterstreetart",0,23/10/2019 20:23,https://scontent-lhr3-1.cdninstagram.com/vp/cf6f6a19c8372526fa75d30eea41e5b3/5E4533D3/t51.2885-15/e35/73381143_782354655538659_1724850293416655673_n.jpg?_nc_ht=scontent-lhr3-1.cdninstagram.com&_nc_cat=103,7,richard_gottfried,Image may contain: sky and outdoor,purple arndale
"Snoopy Greebo

#Repost @mcrprintworks
â€¢ â€¢ â€¢ â€¢ â€¢
Spotted the monster on our roof? Tag us in your photos! .
.
.
@halloweenmcr @cityco.manchesterbid #halloweenmcr #mcrmonsters #manchester #mcr #rooftop #mcrprintworks",1,23/10/2019 20:55,https://scontent-lhr3-1.cdninstagram.com/vp/441bf59d478e289bf752b5afd9abdec2/5E5CE813/t51.2885-15/e35/71700949_417019612527717_581488623378436825_n.jpg?_nc_ht=scontent-lhr3-1.cdninstagram.com&_nc_cat=109,97,filthyluker,Image may contain: sky and outdoor,printworks dragon
"Halloween in the City is underway!

@halloweenmcr
@filthyluker
@cityco.manchesterbid
@mcrprintworks
@visitmanchester

#halloween #halloween19 #halloween2019 #halloweenğŸƒ #halloweenğŸƒğŸ‘» #mcr #manchester #halloweeninthecity #manchesterhalloween #mcrhalloween #halloweenmanchester #halloweenmcr #mcrmonsters #monstersmcr #inflatable #inflatables #inflatablemarketing #arttrail #arttrails #mcrstreetart #manchesterstreetart #mcrprintworks",0,23/10/2019 20:58,https://scontent-lhr3-1.cdninstagram.com/vp/efc274f287ceb6d9b69f9f7c4a3e5310/5E4361E6/t51.2885-15/e35/72787276_933503723686607_4719385016285377966_n.jpg?_nc_ht=scontent-lhr3-1.cdninstagram.com&_nc_cat=111,19,richard_gottfried,No photo description available.,printworks dragon
"Spooky monsters have taken over Manchester during Halloween season ğŸ§Ÿâ€â™‚ï¸ğŸ˜¯
â€”â€”â€”â€”â€”â€”â€”â€”â€”â€”â€”â€”â€”â€”â€”â€”â€”â€”â€”â€”â€”â€”â€”
23rd October 2019 â€¢ 18:54PM â€¢ iPhone 8 Plus
â€”â€”â€”â€”â€”â€”â€”â€”â€”â€”â€”â€”â€”â€”â€”â€”â€”â€”â€”â€”â€”â€”â€”
.
.
.
.
#mcrmonsters #halloweenmcr #spookyseason #halloweenğŸƒ#manchester #deansgate #igersmcr #thisismanchester #manchesterphotography #manchesterphotographyclub #bestofmcr #manchestergram #visitmanchester #totalmanchester #unitedkingdom #mcruk #mcrfinest #ilovemanchester #architecture #architecturephotography #manchestereveningnews #travelphotography #photography #photographer #travelgram #cityscape #amazingplaces #shotoniphone #instagram #ig_color",5,23/10/2019 21:55,https://scontent-lhr3-1.cdninstagram.com/vp/3258caf3c109d0842c893ad5846ce5ce/5E5C8E6A/t51.2885-15/e35/p1080x1080/71526181_681517429038335_8581858118650450668_n.jpg?_nc_ht=scontent-lhr3-1.cdninstagram.com&_nc_cat=111,56,flavia.travels,Image may contain: night and outdoor,green scream
"Halloween in the City at the Arndale Centre!

@halloweenmcr
@filthyluker
@cityco.manchesterbid
@manchesterarndale
@nextofficial
@visitmanchester

#halloween #halloween19 #halloween2019 #halloweenğŸƒ #halloweenğŸƒğŸ‘» #mcr #manchester #halloweeninthecity #manchesterhalloween #mcrhalloween #halloweenmanchester #halloweenmcr #mcrmonsters #monstersmcr #inflatable #inflatables #inflatablemarketing #arttrail #arttrails #mcrstreetart #manchesterstreetart",0,24/10/2019 06:36,https://scontent-lhr3-1.cdninstagram.com/vp/bcfc25d561570fe7bec597caa5109e24/5DBA4223/t51.2885-15/e35/71180927_1182629428592507_6400803783437858703_n.jpg?_nc_ht=scontent-lhr3-1.cdninstagram.com&_nc_cat=111,7,richard_gottfried,NA,purple arndale
"Halloween in the City at Selfridges!

@halloweenmcr
@filthyluker
@visitmanchester
@cityco.manchesterbid
@theofficialselfridges

#halloween #halloween19 #halloween2019 #halloweenğŸƒ #halloweenğŸƒğŸ‘» #mcr #manchester #halloweeninthecity #manchesterhalloween #mcrhalloween #halloweenmanchester #halloweenmcr #mcrmonsters #monstersmcr #inflatable #inflatables #inflatablemarketing #arttrail #arttrails #mcrstreetart #manchesterstreetart #selfridges",0,24/10/2019 06:38,https://scontent-lhr3-1.cdninstagram.com/vp/c8e838c22544040ed0a766b126638b5b/5E591870/t51.2885-15/e35/73470550_2503797699944163_7959433846891389071_n.jpg?_nc_ht=scontent-lhr3-1.cdninstagram.com&_nc_cat=103,7,richard_gottfried,No photo description available.,flame banana
"Halloween in the City at Exchange Square!

@halloweenmcr
@visitmanchester
@filthyluker
@cityco.manchesterbid
@theofficialselfridges
@manchesterarndale
@nextofficial
@mcrprintworks

#halloween #halloween19 #halloween2019 #halloweenğŸƒ #halloweenğŸƒğŸ‘» #mcr #manchester #halloweeninthecity #manchesterhalloween #mcrhalloween #halloweenmanchester #halloweenmcr #mcrmonsters #monstersmcr #inflatable #inflatables #inflatablemarketing #arttrail #arttrails #mcrstreetart #manchesterstreetart #selfridges #manchesterarndale #printworksmcr",0,24/10/2019 06:43,https://scontent-lhr3-1.cdninstagram.com/vp/4c3c1058a2e1b37c8b338929f115aaa4/5DBA4E58/t51.2885-15/e35/71018461_2772929806060057_9028261301182289568_n.jpg?_nc_ht=scontent-lhr3-1.cdninstagram.com&_nc_cat=101,5,richard_gottfried,NA,flame banana
"Halloween in the City at Exchange Square!

@halloweenmcr
@filthyluker
@cityco.manchesterbid
@theofficialselfridges
@manchesterarndale
@nextofficial
@mcrprintworks
@visitmanchester

#halloween #halloween19 #halloween2019 #halloweenğŸƒ #halloweenğŸƒğŸ‘» #mcr #manchester #halloweeninthecity #manchesterhalloween #mcrhalloween #halloweenmanchester #halloweenmcr #mcrmonsters #monstersmcr #inflatable #inflatables #inflatablemarketing #arttrail #arttrails #mcrstreetart #manchesterstreetart #selfridges #manchesterarndale #printworksmcr",2,24/10/2019 08:35,https://scontent-lhr3-1.cdninstagram.com/vp/e53e4791cfc84e78d88cb46b0318ede9/5E5334EB/t51.2885-15/e35/71182038_565016890910754_2987470822216779855_n.jpg?_nc_ht=scontent-lhr3-1.cdninstagram.com&_nc_cat=106,13,richard_gottfried,Image may contain: outdoor,collage
"That look when someone knocks over your drink!
-
-
-
#halloween #happyhalloween #halloweenmcr #manchester #halloween2019 #mcrmonsters  #monsters",4,24/10/2019 10:49,https://scontent-lhr3-1.cdninstagram.com/vp/e66794b339771fa77410a95fa2798fd5/5E4F4860/t51.2885-15/e35/71523623_161049011639180_4190252241390522503_n.jpg?_nc_ht=scontent-lhr3-1.cdninstagram.com&_nc_cat=108,187,manchestercitycouncil,Image may contain: sky and plant,blob
"Halloween is coming. The Monsters are already here!!!ğŸƒğŸ‘¾
#Manchescare #HalloweenMCR #mcrmonsters #mcr #streetphotography #city #bestofmcr",1,24/10/2019 12:52,https://scontent-lhr3-1.cdninstagram.com/vp/a4d596df545e153d6e9c1b973db07ee3/5E428DA5/t51.2885-15/e35/72791040_750555445370513_7950517902126820770_n.jpg?_nc_ht=scontent-lhr3-1.cdninstagram.com&_nc_cat=105,7,vageliskostopoulos,Image may contain: text,collage
#mediacityuk #mcrmonsters #halloweenmcr #manchesterphotography #manchesterphotographyclub #filthyluker,1,24/10/2019 14:57,https://scontent-lhr3-1.cdninstagram.com/vp/fafaf949c044bdc0fe5ed69417d21bd6/5E48ABF1/t51.2885-15/e35/s1080x1080/75602174_173048077208969_1032757566092764615_n.jpg?_nc_ht=scontent-lhr3-1.cdninstagram.com&_nc_cat=105,15,leapy7,"Image may contain: sky, cloud and outdoor",media city
Monster invasion in full swing. Love it! ğŸ‘¾ğŸ‘¹ğŸ‘»ğŸ˜† #halloweeninthecity #monsterinvasion #manchester #Halloween #ilovemanchester #halloweenmcr #mcrmonsters #spinningfields #printworks #houseoffraser,2,24/10/2019 15:14,https://scontent-lhr3-1.cdninstagram.com/vp/7dadfb41591d2683c464b56eb0c34778/5E4B2AE4/t51.2885-15/e35/75324994_141039257212674_1011470216352275115_n.jpg?_nc_ht=scontent-lhr3-1.cdninstagram.com&_nc_cat=106,14,quietzone_foodie,Image may contain: outdoor,purple tentacles
They're back ğŸ‘€ğŸ‘¾ #returnofthemonsters #monstertrail #monsterinvasion #thisishalloween #mcrmonsters #trickortreat #thisismanchester #iheartmanchester #monstersofmanchester #visitmanchester #halloweenmcr #spinningfields #theivy #alieninvasion #halloween2019 #wanderlustmanchester #bestofMCR,3,24/10/2019 17:26,https://scontent-lhr3-1.cdninstagram.com/vp/9f455176766ebb4b4fa94ad954fcf407/5E4169B1/t51.2885-15/e35/72903065_154850109089908_1402291441899788527_n.jpg?_nc_ht=scontent-lhr3-1.cdninstagram.com&_nc_cat=104,29,bexflave,Image may contain: outdoor,purple tentacles
"Puppies itâ€™s behind you!! .
.
.

I love this so much I couldnâ€™t resist! ğŸ¶ğŸ‘» .
.
.

Canâ€™t wait to show you all the shots from out #mcrmonsters monster hunt! & we should have our sequel Wolfpack @halloweenmcr B-movie ready for you by Halloween! I hope youâ€™re ready!!!! ğŸƒğŸ“½",11,24/10/2019 23:40,https://scontent-lhr3-1.cdninstagram.com/vp/1edf102bfe4da170e25ec11da7365375/5E59E6EB/t51.2885-15/e35/s1080x1080/73497460_551022798987863_2293245314924870553_n.jpg?_nc_ht=scontent-lhr3-1.cdninstagram.com&_nc_cat=111,97,wolversonswolfpack,"Image may contain: dog, sky and outdoor",orange eyes
"Halloween in the City is back! Creeping into the city centre for a full weekend of spooktacular events, thereâ€™ll be rooftop monster invasions, trick or treat trails, mazes and a series of spooky screenings. Catch the tram to Exchange Square and mark Halloween in terrifying style! ğŸƒ

#halloween #mcrmonsters #halloweenMCR #spookys #october #manchester #manchestergram #tfgm #MCRmetrolink #lovemanchester #thisismcr #welovemcr #bestofmcr #visitmanchester  #autumn",1,25/10/2019 08:31,https://scontent-lhr3-1.cdninstagram.com/vp/cd0ae1c6841e30fe30911c6b84d8360b/5DBA7486/t51.2885-15/e35/72659596_771170846659606_848404595614709434_n.jpg?_nc_ht=scontent-lhr3-1.cdninstagram.com&_nc_cat=110,27,officialtfgm,NA,other
"Whoâ€™s in Manchester for the #Halloweenmcr celebrations this weekend? Pop in to our Arcade this Saturday between 1pm-4pm for complimentary spooky glitter face painting! Come on...donâ€™t be scared ğŸ§›â€â™‚ï¸ğŸ§™â€â™€ï¸ğŸƒ
.
.
.
.
#Halloween #halloweenmcr #mcrmonsters #royalexchangemanchester #theroyalexchangemanchester #cityco #manchester #mcr #mcruk #scary #halloweencostume #facepainting #glitter #free #shop #shopping #retailtherapy #boutique #luxury #brands #coffee #tea #cafe #cafeculture #uniquelymanchester",7,25/10/2019 11:42,https://scontent-lhr3-1.cdninstagram.com/vp/c39e5d2505455b84aeb23d6267a1ba3f/5E5D03FA/t51.2885-15/e35/s1080x1080/71966254_423702338294774_6573751171331448885_n.jpg?_nc_ht=scontent-lhr3-1.cdninstagram.com&_nc_cat=102,51,royalexchangemanchester,Image may contain: one or more people and hat,event
"Peekaboo ğŸ‘» ğŸ‘» ğŸƒ .
.
.
.
.
#halloweenmcr #mcrmonsters #manchesterphotography #manchesterphotographyclub #manchestereveningnews #the_mancuk #mcr #manchestergram #bbcnorthwest",0,25/10/2019 12:49,https://scontent-lhr3-1.cdninstagram.com/vp/f52ca5591f055be9e68c03c6bd9bd79e/5E40A5B3/t51.2885-15/e35/s1080x1080/74521058_456053998449026_4523823285658905227_n.jpg?_nc_ht=scontent-lhr3-1.cdninstagram.com&_nc_cat=102,21,leapy7,Image may contain: skyscraper and outdoor,blob
"Rainy MonsterğŸŒ§ğŸŒ§ğŸŒ§ ğŸ‘» ğŸƒ .
.
.
.
#halloweenmcr #mcrmonsters #manchesterphotography #manchesterphotographyclub #manchestereveningnews #the_mancuk #mcr #bbcnorthwest",1,25/10/2019 12:57,https://scontent-lhr3-1.cdninstagram.com/vp/6c932c2a2bca1ddeac3be2cb66b45aa5/5E64ABE6/t51.2885-15/e35/p1080x1080/75561365_141973063777856_1362083356914814870_n.jpg?_nc_ht=scontent-lhr3-1.cdninstagram.com&_nc_cat=108,26,leapy7,"Image may contain: sky, skyscraper and outdoor",blue bigmouth
Monsters in Manchester. #halloween #manchester #halloweenMCR #mcrmonsters #monsters #visitmanchester #manchestereveningnews,2,25/10/2019 13:24,https://scontent-lhr3-1.cdninstagram.com/vp/8685f67cc6c0a49fdb573fef03892a5c/5E5AA9B6/t51.2885-15/e35/69579145_497032527562520_5385051068243415153_n.jpg?_nc_ht=scontent-lhr3-1.cdninstagram.com&_nc_cat=108,35,janeboardley,Image may contain: outdoor,printworks dragon
"Fantastic national print coverage for our client @cityco.manchesterbid for @halloweenmcr in today's @telegraph & @theipaper.
ğŸ“¸ by @fabiodepaolaphoto
#pr #publicrelations #presscoverage #events #halloween #monsterinvasion #MCRmonsters #manchester #mcruk #halloweenmcr",2,25/10/2019 14:07,https://scontent-lhr3-1.cdninstagram.com/vp/a5ee762329f03643bc69afdf5e5c084e/5E5C9F58/t51.2885-15/e35/74982531_2501387349969424_1895506036466800446_n.jpg?_nc_ht=scontent-lhr3-1.cdninstagram.com&_nc_cat=104,28,echo_makemorenoise,No photo description available.,other
"Amazing shot by @jsmprice ğŸ“¸ tag us in your #mcrmonsters pics! .
.
.
#monstersmcr #photography #igersmcr #manchester #mcr #halloweenmcr #halloween #mcrprintworks #spookyseason",1,25/10/2019 14:34,https://scontent-lhr3-1.cdninstagram.com/vp/6097d308bcaed164fbc72f0c58e7eb1b/5E42A2D8/t51.2885-15/e35/p1080x1080/67926250_2480706458832717_129372131365931798_n.jpg?_nc_ht=scontent-lhr3-1.cdninstagram.com&_nc_cat=109,58,mcrprintworks,Image may contain: outdoor,printworks dragon
"Weâ€™re loving all of the @halloweenmcr rooftop monsters just like this one on our client @mcrprintworks! Which monster is your favourite? .
.
.
#halloweenmcr #halloween #mcr #mcrmonsters #halloweeninthecity",1,25/10/2019 15:05,https://scontent-lhr3-1.cdninstagram.com/vp/0749f91d0f8eb9f4d53c0f1053feb33b/5E523035/t51.2885-15/e35/p1080x1080/75503677_572908503479796_7382984715764759175_n.jpg?_nc_ht=scontent-lhr3-1.cdninstagram.com&_nc_cat=100,20,instajam_mcr,Image may contain: sky and outdoor,printworks dragon
"I feel like I'm being watched...
.
#halloween #manchester #halloweenmcr #mcrmonsters #scarymaze #event .
.
.
#eventmanagement #eventprofs #freelancelife #freelancer",3,25/10/2019 15:14,https://scontent-lhr3-1.cdninstagram.com/vp/6b519c1d7e2632bf8d6fd37e115778fe/5E60E16D/t51.2885-15/e35/s1080x1080/75616336_514425339397714_8853017594763216542_n.jpg?_nc_ht=scontent-lhr3-1.cdninstagram.com&_nc_cat=110,36,isabelmourato,"Image may contain: one or more people, hat and outdoor",other
"Pic of the day in Evening Standard yesterday, pic of the day in Daily Telegraph and independent online today with Slime Minister at Ducie St

#Repost @echo_makemorenoise
â€¢ â€¢ â€¢ â€¢ â€¢
Fantastic national print coverage for our client @cityco.manchesterbid for @halloweenmcr in today's @telegraph & @theipaper.
ğŸ“¸ by @fabiodepaolaphoto
#pr #publicrelations #presscoverage #events #halloween #monsterinvasion #MCRmonsters #manchester #mcruk #halloweenmcr",7,25/10/2019 17:15,https://scontent-lhr3-1.cdninstagram.com/vp/a4e51512f52c2c570ba9a73e8c210e72/5E4CD79E/t51.2885-15/e35/73004007_111043513488634_4323295645747629460_n.jpg?_nc_ht=scontent-lhr3-1.cdninstagram.com&_nc_cat=110,139,filthyluker,No photo description available.,other
#halloween #halloweeninthecity #manchester #mcrmonsters #halloweenmcr ğŸƒğŸ‘»,1,25/10/2019 18:06,https://scontent-lhr3-1.cdninstagram.com/vp/9e8531adc3ff216e4480e6dad30cc0e4/5E5020A5/t51.2885-15/e35/s1080x1080/72489744_2436576043126986_3412911179958833961_n.jpg?_nc_ht=scontent-lhr3-1.cdninstagram.com&_nc_cat=106,23,orlandouk,Image may contain: night and outdoor,other
Halloween in the City #manchester #halloween #halloweenmcr #mcrmonsters,0,25/10/2019 18:23,https://scontent-lhr3-1.cdninstagram.com/vp/8d8f909a67ba1065d727106b9044192e/5E47D78A/t51.2885-15/e35/s1080x1080/75601607_2133897000240091_8168168181861957644_n.jpg?_nc_ht=scontent-lhr3-1.cdninstagram.com&_nc_cat=107,18,andeeb71,Image may contain: sky and outdoor,printworks dragon
"A view of the Mayfield Depot Halloween in the City monster from aboard a passing train.

#halloween #halloween19 #halloween2019 #halloweenğŸƒ #halloweenğŸƒğŸ‘» #mcr #manchester #halloweeninthecity #manchesterhalloween #mcrhalloween #halloweenmanchester #halloweenmcr #mcrmonsters #monstersmcr #mcrmonsters2019 #mayfieldstation #mayfieldrailwaystation",0,25/10/2019 21:04,https://scontent-lhr3-1.cdninstagram.com/vp/c37b5d663fbe9f3973b4dd6cf623a8a3/5E60DCE8/t51.2885-15/e35/73316278_393226998233175_1042979145998221093_n.jpg?_nc_ht=scontent-lhr3-1.cdninstagram.com&_nc_cat=103,3,richard_gottfried,No photo description available.,orange eyes
"Celebrate Halloween with two days of terrifyingly good events this weekend: â €
â €
ğŸ›¸ Giant rooftop Monster Invasionâ €
ğŸ§™ Trick or Treat Trailâ €
ğŸƒ Creepy Carnivalâ €
ğŸ‘» Poisonous Maze â €
ğŸ’€ + a spooktacular Skeleton Procession â €
â €
Saturday 26 & Sunday 27 October, 10am - 6pm â €
â €
www.halloween.com â €
â €
#HalloweenMCRâ €
#MCRmonsters â €â €
#Halloween â €â €
#Manchester â €â €
#MonsterInvasion â €â €
#Halloween2019",1,26/10/2019 02:59,https://scontent-lhr3-1.cdninstagram.com/vp/8225dd974028f81ca9e0e57b6cd597bc/5E466081/t51.2885-15/e35/s1080x1080/73372043_1187317898324677_6135897800345636899_n.jpg?_nc_ht=scontent-lhr3-1.cdninstagram.com&_nc_cat=101,73,halloweenmcr,Image may contain: plant and outdoor,green scream
#houseoffraser #mcrmonsters #halloweenmcr #manchesterphotography #manchesterphotographyclub #mcr #manchestereveningnews #bbcnorthwest,2,26/10/2019 09:12,https://scontent-lhr3-1.cdninstagram.com/vp/6f2bcd00258b0c42415c53b6614f2d11/5E462788/t51.2885-15/e35/s1080x1080/75629067_199440947727430_7812029211092449510_n.jpg?_nc_ht=scontent-lhr3-1.cdninstagram.com&_nc_cat=110,31,leapy7,Image may contain: sky and outdoor,green scream
"Monsters has arrived! It is definitely best Halloween city ever seen...
_______
.
#manchester #mcrmonsters #halloweenmcr #manchestereveningnews #manchestercitycouncil #visitmanchester #bestofmcr #igersmcr #ukshots #photosofbritain #photosofengland #bbcbritain #ukshooters #night_shooterz #citykillerz #redditphotography #photopills #fstoppers #canonuk #eosr #rf24105f4l",2,26/10/2019 09:53,https://scontent-lhr3-1.cdninstagram.com/vp/cfbaefe28e2eb492a7716d7c4a533489/5E64A199/t51.2885-15/e35/73372147_461483144712199_3728992804077670393_n.jpg?_nc_ht=scontent-lhr3-1.cdninstagram.com&_nc_cat=107,150,kozakphoto,"Image may contain: cloud, sky and outdoor",blob
#mcrmonsters #halloween #halloweenmcr #manchester,0,26/10/2019 10:11,https://scontent-lhr3-1.cdninstagram.com/vp/13f9bb6a434c471f55ca7d9bbdf339ab/5E3E6BE4/t51.2885-15/e35/72571606_2748028251882205_7348469328674776556_n.jpg?_nc_ht=scontent-lhr3-1.cdninstagram.com&_nc_cat=101,7,gemma_pickup_photography,No photo description available.,flame banana
Last MonsterğŸ˜¢ğŸ¤£ğŸ¤£ğŸ¤£ğŸ¤£#mcrmonsters #halloweenmcr #manchesterphotography #manchesterphotographyclub #manchestereveningnews #mcr #bbcnorthwest,0,26/10/2019 13:18,https://scontent-lhr3-1.cdninstagram.com/vp/348c7d330adad9b56bd2adcd0e88996b/5E4C1593/t51.2885-15/e35/s1080x1080/71530985_1180036352194671_3722726777624970707_n.jpg?_nc_ht=scontent-lhr3-1.cdninstagram.com&_nc_cat=103,13,leapy7,Image may contain: outdoor,royal exchange tentacles
Manchester Monster Trail with a lunch stop at #pieministermanchester #mcrmonsters #halloweenmcr,0,26/10/2019 14:02,https://scontent-lhr3-1.cdninstagram.com/vp/1a28aa3de082d0bea64cce0f764a1b7a/5E5C2072/t51.2885-15/e35/72901429_493022947959516_9114456505263745629_n.jpg?_nc_ht=scontent-lhr3-1.cdninstagram.com&_nc_cat=100,8,squidgio,Image may contain: sky and outdoor,printworks dragon
"Another monster spotted in Manchester ğŸ‘€â€”â€”â€”â€”â€”â€”â€”â€”â€”â€”â€”â€”â€”â€”â€”â€”â€”â€”â€”â€”â€”â€”â€”
23rd October 2019 â€¢ 18:38PM â€¢ iPhone 8 Plus
â€”â€”â€”â€”â€”â€”â€”â€”â€”â€”â€”â€”â€”â€”â€”â€”â€”â€”â€”â€”â€”â€”â€”
.
.
.
.
#mcrmonsters #halloweenmcr #spookyseason #halloweenğŸƒ#manchester #manchesterlife #igersmcr #thisismanchester #manchesterphotography #manchesterphotographyclub #bestofmcr #manchestergram #visitmanchester #totalmanchester #unitedkingdom #mcruk #mcrfinest #ilovemanchester #architecture #architecturephotography #manchestereveningnews #travelphotography #photography #photographer #travelgram #cityscape #amazingplaces #shotoniphone #instagram #ig_color",1,26/10/2019 14:53,https://scontent-lhr3-1.cdninstagram.com/vp/7f405178cb60537372432cca4c050d37/5E599131/t51.2885-15/e35/p1080x1080/74706188_573116860091961_8501767800116533648_n.jpg?_nc_ht=scontent-lhr3-1.cdninstagram.com&_nc_cat=109,41,flavia.travels,Image may contain: night and outdoor,purple arndale
"A monster on the roof of the Arndale Mall ğŸ§Ÿâ€â™‚ï¸~ .
â€¢
â€¢
â€¢
ğŸ¨ @filthyluker .
.
.
.
#monster #halloween #halloweendecor #halloweenmcr #manchester #manchestergram #manchesteruk #mall #shoppingcenter #arndale #manchesterarndale #mcr #mcrmonsters",2,26/10/2019 18:24,https://scontent-lhr3-1.cdninstagram.com/vp/b3f1118b7b42da666557c530fb2176bf/5E5100E9/t51.2885-15/e35/s1080x1080/75083980_160368858372023_5889642298769443372_n.jpg?_nc_ht=scontent-lhr3-1.cdninstagram.com&_nc_cat=111,10,anna.dlne,Image may contain: sky and outdoor,purple arndale
"Love this cute monster on the roof of @mcrprintworks ~ .
â€¢
â€¢
â€¢
ğŸ¨ @filthyluker .
.
.
.
#monster #halloween #halloweendecor #halloweenmcr #manchester #manchestergram #manchesteruk #printworksmanchester #mcrprintworks #printworks #mcr #mcrmonsters",2,26/10/2019 18:28,https://scontent-lhr3-1.cdninstagram.com/vp/00a895c1d55aa297f39bb301a5233442/5E64E720/t51.2885-15/e35/s1080x1080/71527220_397436221203851_588282056580188857_n.jpg?_nc_ht=scontent-lhr3-1.cdninstagram.com&_nc_cat=111,18,anna.dlne,Image may contain: sky and outdoor,printworks dragon
"Monsters invade Manchester ğŸ¥° ~ .
â€¢
â€¢
â€¢
ğŸ¨ @filthyluker .
.
.
.
#monster #halloween #halloweendecor #halloweenmcr #manchester #manchestergram #manchesteruk #printworksmanchester #mcrprintworks #printworks #mcr #mcrmonsters",5,26/10/2019 18:34,https://scontent-lhr3-1.cdninstagram.com/vp/503a9fdd3334ba55a9abda8a2ba1ce3a/5E528651/t51.2885-15/e35/s1080x1080/72870604_443821939824038_7281479679214002472_n.jpg?_nc_ht=scontent-lhr3-1.cdninstagram.com&_nc_cat=102,8,anna.dlne,Image may contain: outdoor,royal exchange tentacles
"We are under attack, again and again!! ğŸ˜±
.
.
#MCRMonsters #MonsterInvasion #Halloween #Manchester #ILoveMCR #BestOfMCR #Wanderlust #Photography #PhotoOfTheDay #MCR #HalloweenMCR #Halloween2019 @the.manc #UrbanPhotography #CityLife #InstagrammersOfManchester #ManchesterLife #Manchestergram #MCR_Follow #MCR_Edit",1,26/10/2019 18:40,https://scontent-lhr3-1.cdninstagram.com/vp/0023774f55ca591e284f80698f82134d/5E5420FF/t51.2885-15/e35/s1080x1080/73505092_480039375920963_403345652614497576_n.jpg?_nc_ht=scontent-lhr3-1.cdninstagram.com&_nc_cat=111,44,zahco,Image may contain: outdoor,printworks dragon
"We are under attack, again and again!! ğŸ˜±
.
.
#MCRMonsters #MonsterInvasion #Halloween #Manchester #ILoveMCR #BestOfMCR #Wanderlust #Photography #PhotoOfTheDay #MCR #HalloweenMCR #Halloween2019 @the.manc #UrbanPhotography #CityLife #InstagrammersOfManchester #ManchesterLife #Manchestergram #MCR_Follow #MCR_Edit",0,26/10/2019 19:04,https://scontent-lhr3-1.cdninstagram.com/vp/62f33cf5b99612a9467489f1816b5307/5E48EB5D/t51.2885-15/e35/s1080x1080/71226451_731128930725763_8865395524792138565_n.jpg?_nc_ht=scontent-lhr3-1.cdninstagram.com&_nc_cat=107,33,zahco,"Image may contain: night, sky and outdoor",purple arndale
26/10/19 - Saturday afternoon monster hunting in Manchester... @halloweenmcr #halloween #halloweenmcr #manchester #monsters #manchestermonsters #mcrmonsters,0,26/10/2019 20:17,https://scontent-lhr3-1.cdninstagram.com/vp/4f9b18ca529a7800e42cc7e17bf0df4b/5E63E5A7/t51.2885-15/e35/s1080x1080/73420523_151132666138928_6603624805782851308_n.jpg?_nc_ht=scontent-lhr3-1.cdninstagram.com&_nc_cat=108,35,richard_burrows,Image may contain: sky and outdoor,printworks dragon
#manchestermonsters #halloweeninthecity #mcrhalloween #monstertrail #halloween #halloweenmcr #mcrmonsters #halloween19 #manchester #nofilter #mcrmonsters,1,26/10/2019 21:21,https://scontent-lhr3-1.cdninstagram.com/vp/920c4b39ba8d83ff787207d5cd8d032f/5E553B69/t51.2885-15/e35/s1080x1080/72921039_161070845093776_8771454221242780578_n.jpg?_nc_ht=scontent-lhr3-1.cdninstagram.com&_nc_cat=104,9,wamatcnd,No photo description available.,orange eyes
"Day 2 of #Halloween in the City! â €
â €
Join us for; â €
â €â €
ğŸ›¸ A giant rooftop Monster Invasionâ €â €
ğŸ§™ Trick or Treat Trailâ €â €
ğŸƒ Creepy Carnivalâ €â €
ğŸ‘» Poisonous Maze â €â €
ğŸ’€ + a spooktacular Skeleton Procession â €â €
â €â €
Sunday 27 October, 10am - 6pm â €â €
â €â €
#HalloweenMCRâ €â €
#MCRmonsters â €â €â €
#Halloween â €â €â €
#Manchester â €â €â €
#MonsterInvasion â €â €â €
#Halloween2019",0,27/10/2019 08:09,https://scontent-lhr3-1.cdninstagram.com/vp/62f4e621e9f95f3501fbd1b72406a28c/5E498341/t51.2885-15/fr/e15/s1080x1080/72365338_418371355545445_8429494858019239792_n.jpg?_nc_ht=scontent-lhr3-1.cdninstagram.com&_nc_cat=101,45,halloweenmcr,"Image may contain: one or more people, people standing, plant, tree and outdoor",event
#Manchester getting into the #Halloweenspirit ğŸ‘»ğŸ–¤ğŸƒ #ExchangeSquare #Halloween #HalloweenMCR #MCR #rainydaysâ˜”ï¸ #Halloweeniscoming #exchangesquaremanchester #halloweeninthecity #mcrmonsters #trickortreattrail,0,27/10/2019 13:45,https://scontent-lhr3-1.cdninstagram.com/vp/b5bf02269b16b8f68381a1e28ceb1973/5DBA41DE/t51.2885-15/e35/70874016_167247291015693_7177539066928634963_n.jpg?_nc_ht=scontent-lhr3-1.cdninstagram.com&_nc_cat=109,8,handdrawnworld_,NA,event
"@shiroige8 found another monster!!! ğŸ˜„
P.s. today itâ€™s freezing but we finally have a sunny day after long time!!! ğŸ˜ğŸ˜
Have a nice Sunday #igers ğŸ™ŒğŸ»
.
.
. .
#mcrmonsters #halloweenmcr #halloweenğŸƒğŸ‘» #igersmcr #bbcnorthwest  #visitmanchester #bbcnorthwest #uk_shooters  #igersitalia #manchestergram #ig_worldclub #communityfirst #seemycity #mcr_collective #postcardfromtheworld #vsco #visitbritain #monstersinvasion #vscocam #ig_uk #capturingbritain  #sharemykodakmoment #naturallovers #icu_britain #explore_britain #onemanchester #aroundtheworld 
#mcruk #thisismcr  #fra_terranova #vsco #vscocam",2,27/10/2019 14:07,https://scontent-lhr3-1.cdninstagram.com/vp/b28453ba752019e7c8894b3000aad01a/5E4D7239/t51.2885-15/e35/s1080x1080/74793561_162219654843605_571993593707987441_n.jpg?_nc_ht=scontent-lhr3-1.cdninstagram.com&_nc_cat=105,31,fra_terranova,"Image may contain: sky, shoes, tree and outdoor",purple tentacles
"They're back! The @halloweenmcr & @cityco.manchesterbid #halloween2019 #monsterinvasion by @filthyluker is all over #manchester #citycentre this #halloween and the #autumn #sunshine is perfect for completing the #mcrmonsters Trail ğŸ‘»
This green #monster is at @nativemcr at #DucieStreet Warehouse ğŸ’š
.
#halloweenmcr #october #lookup #iseefaces #monsters #filthyluker #warehouse #architecture #igersmcr #bluesky #wearemcr #thisismcr #mcruk #mcr_collective #whereilive #ilovemanchester #blueskies #manchestercitycouncil #manchestergram #manchestereveningnews",3,27/10/2019 14:37,https://scontent-lhr3-1.cdninstagram.com/vp/86de00cb5a837a24859d7c72ea0c4ca9/5E5B38AC/t51.2885-15/e35/72745772_546511149511752_2525115363394451110_n.jpg?_nc_ht=scontent-lhr3-1.cdninstagram.com&_nc_cat=100,134,misheleneous,"Image may contain: sky, tree, plant and outdoor",blob
"Look who's back! The @halloweenmcr & @cityco.manchesterbid #halloween2019 #monsterinvasion by @filthyluker is all over #manchester #citycentre this #halloween and we completed the #mcrmonsters Trail today â˜ 
(I've bagsied 5 and @manchesteve has the other 5) This jolly #monster is at #Piccadillyplace at #whitworthstreet ğŸ‘¾
.
#halloweenmcr #october #lookup #iseefaces #monsters #inflatable #filthyluker #manchestereveningnews #architecture #igersmcr #wearemcr #thisismcr #mcruk #mcr_collective #whereilive #autumn #ilovemanchester #manchestergram #manchestercitycouncil #googlyeyes #tongueout",4,27/10/2019 14:57,https://scontent-lhr3-1.cdninstagram.com/vp/7c7b1d98fcdbd00966876e53d795e80c/5E4AF112/t51.2885-15/e35/75214678_553523645479808_1221581294208403455_n.jpg?_nc_ht=scontent-lhr3-1.cdninstagram.com&_nc_cat=108,109,misheleneous,Image may contain: outdoor,blue bigmouth
"#MCRmonster spotted invading the @gnwmanchester ğŸ›¸. â €
â €
#HalloweenMCRâ €â €
#MCRmonsters â €â €â €
#Halloween â €â €â €
#Manchester â €â €â €
#MonsterInvasion â €â €â €
#Halloween2019â €â €
â €â €
@cityco.manchesterbid",2,27/10/2019 15:03,https://scontent-lhr3-1.cdninstagram.com/vp/abd18fe3724b8fcebf3f72268b71261c/5E452546/t51.2885-15/fr/e15/s1080x1080/72551048_488344468558363_8594549718108859952_n.jpg?_nc_ht=scontent-lhr3-1.cdninstagram.com&_nc_cat=107,100,halloweenmcr,Image may contain: sky and outdoor,great northern tentacles
"Weâ€™ve been monster hunting today. ğŸƒğŸ•¸ğŸ‘»ğŸ’›
.
.
.
.
.
.
.
.
.
.
#halloweenmcr #manchestergram #mcrmonsters #duciestreet
#manchesterlife #ilovemanchester #visitmanchester #manchestercollective #thisismanchester #itsallaboutmanchester #halloweenğŸƒ  #dailydarling #savouringtheseason  #happylifemoments  #littlestoryofmylife  #stayandwander #seekmoments #inspiremyinstagram #embracingtheseasons #aseasonalyear #thespacesilike #welovetoexplore  #littlestoriesofmylife  #exploreengland #exploremore #stayandwander  #documentyourdays #openuptoautumn #autumnlookslikethis #upandautumn",9,27/10/2019 15:07,https://scontent-lhr3-1.cdninstagram.com/vp/b1c97fc4a21c151ba18fa2b30ebb0fbe/5E43D0E6/t51.2885-15/e35/p1080x1080/71782750_520497308788815_5059669262937024700_n.jpg?_nc_ht=scontent-lhr3-1.cdninstagram.com&_nc_cat=103,35,thethrostlesnestmcr,"Image may contain: sky, cloud and outdoor",blob
"Ooh look! A new monster has just appeared at the Great Northern Warehouse!

@gnwmanchester
@halloweenmcr
@filthyluker
@cityco.manchesterbid
@visitmanchester

#halloween #halloween19 #halloween2019 #halloweenğŸƒ #halloweenğŸƒğŸ‘» #mcr #manchester #halloweeninthecity #manchesterhalloween #mcrhalloween #halloweenmanchester #halloweenmcr #mcrmonsters #monstersmcr #inflatable #inflatables #inflatablemarketing #arttrail #arttrails #mcrstreetart #manchesterstreetart #greatnorthernwarehouse",0,27/10/2019 15:07,https://scontent-lhr3-1.cdninstagram.com/vp/ee566cbfd3f223621d016ce0ff13856c/5DBA30DE/t51.2885-15/e35/74445928_576403709773138_1120238700840588277_n.jpg?_nc_ht=scontent-lhr3-1.cdninstagram.com&_nc_cat=110,8,richard_gottfried,NA,great northern tentacles
"I love how #manchester does #halloween ğŸ‘ The @halloweenmcr and @cityco.manchesterbid #halloween2019 #monsterinvasion by @filthyluker is all over the #citycentre this weekend and the #autumn #sunshine is perfect for completing the #mcrmonsters Trail ğŸ‘½
These orange #monsters are at @depotatmayfield #fairfieldstreet ğŸƒ
.
#halloweenmcr #october #lookup #iseefaces #monster #inflatable #filthyluker #warehouse #igersmcr #bluesky #wearemcr #thisismcr #mcruk #mcr_collective #whereilive #ilovemanchester #blueskies #manchestercitycouncil #manchestergram #manchestereveningnews",2,27/10/2019 15:14,https://scontent-lhr3-1.cdninstagram.com/vp/55adfbe71a6d314326762d3546cb17c7/5E52C9F5/t51.2885-15/e35/74609576_2208542039445947_3059574570510266526_n.jpg?_nc_ht=scontent-lhr3-1.cdninstagram.com&_nc_cat=111,87,misheleneous,"Image may contain: sky, cloud and outdoor",orange eyes
"Fabulous shot of our #MCRMonsters from @andrewstuart1 ğŸ’™
.
.
.
.
#royalexchangemanchester #theroyalexchangemanchester #manchester #mcr #mcruk #halloween #halloweenmcr #ilovemcr #photo #photography #igersmcr #shops #shopping #retailtherapy #cafe #coffeeshop #food #instafood #boutique #uniquelymanchester",2,27/10/2019 15:17,https://scontent-lhr3-1.cdninstagram.com/vp/169e85b410e9c5c6ce2c8a0c54b0587c/5E51B36D/t51.2885-15/e35/p1080x1080/72362167_2492884680975949_3946389791312551352_n.jpg?_nc_ht=scontent-lhr3-1.cdninstagram.com&_nc_cat=101,79,royalexchangemanchester,Image may contain: outdoor,royal exchange tentacles
"Sunday walk around Manchester city centre, finding the Halloween monsters popping up from the buildings

#Manchester #Halloween #MCRMonsters #HalloweenMCR",0,27/10/2019 15:20,https://scontent-lhr3-1.cdninstagram.com/vp/b0e5531d44895aa744d481eb6314cf4a/5E4F9F38/t51.2885-15/e35/74948900_105700950764218_1050440168227837788_n.jpg?_nc_ht=scontent-lhr3-1.cdninstagram.com&_nc_cat=110,3,shaunfarrelly,"Image may contain: sky, cloud and flower",blob
"Some more photos from the Halloween in the City in Manchester

#Manchester #Halloween #MCRMonsters #HalloweenMCR",0,27/10/2019 15:25,https://scontent-lhr3-1.cdninstagram.com/vp/12c77f403dbdfe3eab2feb63b0db7ce3/5E6581FB/t51.2885-15/e35/72780441_458256551706987_437246230057742855_n.jpg?_nc_ht=scontent-lhr3-1.cdninstagram.com&_nc_cat=103,2,shaunfarrelly,Image may contain: one or more people and outdoor,blue bigmouth
"Look out! The @halloweenmcr & @cityco.manchesterbid #halloween2019 #monsterinvasion by @filthyluker is back and all over #manchester #citycentre this #halloween & the #autumn #sunshine is perfect for completing the #mcrmonsters Trail ğŸ‘¾
This pink #monster is at @innside_by_melia at #firststreet ğŸ’–
.
#halloweenmcr #october #lookup #iseefaces #monsters #inflatable #filthyluker #innsidebymelia #igersmcr #wearemcr #thisismcr #mcruk #mcr_collective #whereilive #ilovemanchester #bigmouth #manchestereveningnews #manchestergram #tongueout #manchestercitycouncil",8,27/10/2019 15:32,https://scontent-lhr3-1.cdninstagram.com/vp/ba23e21f5a51bba934a16e4c7d8caa39/5E644338/t51.2885-15/e35/75496218_1015620625453351_3668732326905124227_n.jpg?_nc_ht=scontent-lhr3-1.cdninstagram.com&_nc_cat=107,92,misheleneous,Image may contain: shoes and outdoor,home gate
Monster Spotting!!! ğŸ‘» #halloweenmcr #halloweenmcruk #monstertrail #mcrmonsters #monsterinvasion #citycentre #piccadilly #firststreet #arndale #arndalecentre #victoria #spinningfields #monsters #walkingtour #manchester #manchestercitycentre #printworks #next #selfridges #piccadillystation #manchesterpiccadilly #mayfield,2,27/10/2019 15:33,https://scontent-lhr3-1.cdninstagram.com/vp/9d6d8279b8ae74e9653366e57c1490e0/5E5EF84B/t51.2885-15/e35/s1080x1080/75244337_1643847982417007_8460332645352360689_n.jpg?_nc_ht=scontent-lhr3-1.cdninstagram.com&_nc_cat=111,44,rachael489,Image may contain: outdoor,home gate
"Monster invasion in Manchester!

@halloweenmcr
@filthyluker
@cityco.manchesterbid
@visitmanchester

#halloween #halloween19 #halloween2019 #halloweenğŸƒ #halloweenğŸƒğŸ‘» #mcr #manchester #halloweeninthecity #manchesterhalloween #mcrhalloween #halloweenmanchester #halloweenmcr #mcrmonsters #monstersmcr #inflatable #inflatables #inflatablemarketing #arttrail #arttrails #mcrstreetart #manchesterstreetart #monstersinmcr #monstersinmanchester",0,27/10/2019 15:50,https://scontent-lhr3-1.cdninstagram.com/vp/0ee73d063729871722876fe18af814b5/5E406CD0/t51.2885-15/e35/72684175_3151747824841702_1172683297550293797_n.jpg?_nc_ht=scontent-lhr3-1.cdninstagram.com&_nc_cat=110,17,richard_gottfried,Image may contain: outdoor,collage
"We are under attack, again and again!! ğŸ˜±
.
.
#MCRMonsters #MonsterInvasion #Halloween #Manchester #ILoveMCR #BestOfMCR #Wanderlust #Photography #PhotoOfTheDay #MCR #HalloweenMCR #Halloween2019 @the.manc #UrbanPhotography #CityLife #InstagrammersOfManchester #ManchesterLife #Manchestergram #MCR_Follow #MCR_Edit",0,27/10/2019 16:01,https://scontent-lhr3-1.cdninstagram.com/vp/18907ac1eb1b6fd2ea995934bee29535/5E6067D7/t51.2885-15/e35/s1080x1080/74599477_127778261966603_4138866971836558562_n.jpg?_nc_ht=scontent-lhr3-1.cdninstagram.com&_nc_cat=111,33,zahco,"Image may contain: sky, cloud and outdoor",purple tentacles
"They're back! The @halloweenmcr & @cityco.manchesterbid #halloween2019 #monsterinvasion by @filthyluker is all over #manchester #citycentre this #halloween and the #autumn #sunshine was perfect for completing the #mcrmonsters Trail ğŸ‘½
This green #monster is at @houseoffraser on #deansgate and the last one I papped today - for the other 5 see @manchesteve 's page ğŸ’š
.
#halloweenmcr #october #lookup #iseefaces #monsters #filthyluker #manchestercitycouncil #houseoffraser #departmentstore #igersmcr #bluesky #wearemcr #thisismcr #mcruk #mcr_collective #whereilive #ilovemanchester #blueskies #manchestergram #manchestereveningnews",0,27/10/2019 16:02,https://scontent-lhr3-1.cdninstagram.com/vp/a6ff3007429795507eccedfd02bb3328/5E3E0B48/t51.2885-15/e35/74676921_160927468331395_1041953131105046433_n.jpg?_nc_ht=scontent-lhr3-1.cdninstagram.com&_nc_cat=107,85,misheleneous,"Image may contain: cloud, sky, skyscraper and outdoor",green scream
"MONSTER INVASION: RETURN OF THE MONSTERS
.
#MCRMonsters #Monsters #Halloween #HalloweenInTheCity #HalloweenMCR #Printworks #Manchester #MCR",0,27/10/2019 16:33,https://scontent-lhr3-1.cdninstagram.com/vp/be43cefcaf2549851716995ff302f6b2/5E4C0931/t51.2885-15/e35/70969278_2534494380001819_7277736130947886894_n.jpg?_nc_ht=scontent-lhr3-1.cdninstagram.com&_nc_cat=107,6,iflovesjustaword,"Image may contain: cloud, sky and outdoor",printworks dragon
"MONSTER INVASION
.
@theofficialselfridges
.
#Selfridges #ExchangeSquare #MCRMonsters #Monsters #Halloween #HalloweenInTheCity #HalloweenMCR #MCR #Manchester",0,27/10/2019 16:36,https://scontent-lhr3-1.cdninstagram.com/vp/47d62aa0c2da09247395a9f93a67ac6e/5E6442C7/t51.2885-15/e35/74649526_144996510148873_5892173978726735523_n.jpg?_nc_ht=scontent-lhr3-1.cdninstagram.com&_nc_cat=101,5,iflovesjustaword,No photo description available.,flame banana
"MONSTER INVASION
.
@manchesterarndale @rxtheatre
.
#MCRMonsters #Monsters #Halloween #HalloweenMCR #HalloweenInTheCity #Manchester #MCR #ManchesterArndale  #Arndale #RoyalExchange  #RXTheatre",0,27/10/2019 16:40,https://scontent-lhr3-1.cdninstagram.com/vp/35cd108728e265ea6df41401232ed26a/5E48C41A/t51.2885-15/e35/75551327_155363202229143_2525269115498624305_n.jpg?_nc_ht=scontent-lhr3-1.cdninstagram.com&_nc_cat=103,6,iflovesjustaword,Image may contain: one or more people and outdoor,royal exchange tentacles
"Sunny, crisp October days are the best ğŸ¥°â„ï¸ğŸ‚ Had a spooky Sunday completing the #trickortreattrail in Manchester and watching the Spooky Pooch Costume Show ğŸ‘» ğŸ¶#halloweenmcr #halloweeninthecity#mcrmonsters",0,27/10/2019 16:51,https://scontent-lhr3-1.cdninstagram.com/vp/3b33bb85c57deb8d4cd08cc680a77a34/5E3FC783/t51.2885-15/e35/s1080x1080/73512757_423034631735665_7007576284855951582_n.jpg?_nc_ht=scontent-lhr3-1.cdninstagram.com&_nc_cat=101,17,rachel_newton85,"Image may contain: one or more people, people standing and shoes",event
Fun in the sun searching for monsters #halloweenmcr #halloweeninthecity #mcrmonsters,0,27/10/2019 17:33,https://scontent-lhr3-1.cdninstagram.com/vp/dd7bb8f43d23deedf252a912117b8b92/5E62EEF6/t51.2885-15/e35/s1080x1080/72698931_750080182125562_7373900480904651030_n.jpg?_nc_ht=scontent-lhr3-1.cdninstagram.com&_nc_cat=110,7,neilstapwork,Image may contain: sky and outdoor,blob
"What a fantastic day. Weâ€™ve never seen #Manchester city centre so busy with so many families. Thank you to everyone for heading to #halloweenmcr and for all our participants, partners and media supporters ğŸ’š If you had fun, keep an eye on our next event for @chinesenewyearmcr ğŸ‰ Our  #MCRMonsters will continue to haunt the rooftops â€˜til Halloween 31st. Look Up â¬†ï¸
..
..
..
..
#StreetEvent #StreetFestival #Events #FamilyFestival #ManchesterBID #CityCo 
#BusinessImprovementDistrict",8,27/10/2019 17:59,https://scontent-lhr3-1.cdninstagram.com/vp/642cc91b96e3c7590038df993d5d87c8/5E654183/t51.2885-15/e35/s1080x1080/73381129_989677824719375_8091015392311087344_n.jpg?_nc_ht=scontent-lhr3-1.cdninstagram.com&_nc_cat=111,64,halloweenmcr,"Image may contain: plant, outdoor and nature",event
"Parade of death ğŸ’€ ~ .
â€¢
â€¢
â€¢
ğŸ¨ @walktheplankarts .
.
.
.
#monster #halloween #halloweendecor #halloweenmcr #manchester #manchestergram #manchesteruk #skull #parade #paradeofdeath #followtheparade #mcr #mcrmonsters",2,27/10/2019 18:07,https://scontent-lhr3-1.cdninstagram.com/vp/75c97c2c37ba11785a7d7e5587cbff93/5E5967E6/t51.2885-15/e35/s1080x1080/74569069_463549447838050_5327430445436765441_n.jpg?_nc_ht=scontent-lhr3-1.cdninstagram.com&_nc_cat=110,22,anna.dlne,Image may contain: one or more people,event
@halloweenmcr #halloweenmcr a #monster emerges in @spinningfields as its #tentacles appear #purplepeopleeater by @filthyluker @cityco.manchesterbid #mcrmonsters #monsterinvasion #outout  #igersmcr #mcruk @manchestereveningnews @manchestercitycouncil . I am safe as #Heidi #Hellhound protects me #borderterriers #borderterriersofinstagram #borderterrier #borderterrierswithattitude,0,27/10/2019 18:12,https://scontent-lhr3-1.cdninstagram.com/vp/96a318183ae7f2e15b95e9514580935d/5E547BBF/t51.2885-15/e35/73512731_1348121265360504_8713765814273356100_n.jpg?_nc_ht=scontent-lhr3-1.cdninstagram.com&_nc_cat=100,65,manchesteve,"Image may contain: sky, tree and outdoor",purple tentacles
#greententacles coming out of #royalexchange #Manchester #halloweenmcr #monsterinvasion #mcrmonsters #MCRUK #igersmcr @filthyluker @cityco.manchesterbid #stannessquaremanchester #Halloween,0,27/10/2019 18:25,https://scontent-lhr3-1.cdninstagram.com/vp/9711aeede47e95ab9a28ca55abce1564/5E4675D3/t51.2885-15/e35/74342433_366474037401359_3388498421060228209_n.jpg?_nc_ht=scontent-lhr3-1.cdninstagram.com&_nc_cat=111,46,manchesteve,Image may contain: one or more people and outdoor,royal exchange tentacles
#mcrmonsters #monsterinvasion #monster #dragon @halloweenmcr #halloweenmcr #halloween @mcrprintworks #Manchester #manchesterUK  #MCRUK #ilovemcr . Thank you @filthyluker @cityco.manchesterbid @manchestercitycouncil the #city looks fantastic #blueskies #outout,1,27/10/2019 18:36,https://scontent-lhr3-1.cdninstagram.com/vp/f9daf1cd1de8460d6883d35c552d2096/5E511730/t51.2885-15/e35/73290369_554403455371824_8949221485260110643_n.jpg?_nc_ht=scontent-lhr3-1.cdninstagram.com&_nc_cat=100,59,manchesteve,"Image may contain: sky, cloud and outdoor",printworks dragon
Going monster hunting today around @halloweenmcr with @clairebrind @hthomas9163 @hollycee swipe away to see more ğŸƒğŸƒğŸƒğŸƒ,2,27/10/2019 18:52,https://scontent-lhr3-1.cdninstagram.com/vp/7016f1a7691a092ff1a9a4e348abd923/5E534C77/t51.2885-15/e35/73018201_408038763195494_1836659387190123186_n.jpg?_nc_ht=scontent-lhr3-1.cdninstagram.com&_nc_cat=102,44,stevenrbullock,Image may contain: cloud and sky,orange eyes
"#enjoytheordinaryinoctober These two have taught me so much about enjoying the ordinary ğŸ’œ
.
.
Today we had a fun packed day in Manchester doing the free Halloween activities #mcrmonsters #halloweenmcr and I took lots of brilliant photos and there were so many magical moments (see my stories for highlights) BUT it was watching them on the tram that was favourite moment.
.
.
A simple ride on public transport was part of the adventure for them. They excitedly viewed the journey with wondrous eyes. How often do we enjoy a journey? We need to stop focusing on the destination and enjoy the ride, don't we?
.
.
How was your Sunday?
.
.
.
.
.
.
.
.
.
.
.
.
.
.
#littlewonderingeyes #ourchildreninwonderland #manchestermums #ilovemcr #childrenofig #freerangelittles #documentlife #parentbloggeruk #andbreathe #preciousmoments #loveyourtimetogether #littlestoriesofmylife #childled #octoberhalfterm #halfterm #halloween #instablogger #positivity #smallthings #throughachildseyes #daysoutwiththekids #familylife #sundayvibes",19,27/10/2019 18:58,https://scontent-lhr3-1.cdninstagram.com/vp/8ce786b6351221833d678889f1e6ad00/5E3F89B1/t51.2885-15/e35/73385867_401737473855874_8528899926504754852_n.jpg?_nc_ht=scontent-lhr3-1.cdninstagram.com&_nc_cat=110,95,andbreathe_challenges,Image may contain: one or more people and people sitting,other
Went out monster hunting. #halloweenmcr #mcrmonsters,6,27/10/2019 19:34,https://scontent-lhr3-1.cdninstagram.com/vp/a5774fa7ea5fd2b84d8a469dbe332133/5E42C976/t51.2885-15/e35/s1080x1080/71531868_157033908843242_3878766749570227315_n.jpg?_nc_ht=scontent-lhr3-1.cdninstagram.com&_nc_cat=102,76,mactire,"Image may contain: sky, cloud and outdoor",printworks dragon
"Came across a few critters while walking around town today. @halloweenmcr have done a cracking job, looking forward to seeing what they do next year ğŸ˜‰
#halloween #monsters #halloweenmcr #spooky #ghouls #iâ¤ï¸mcr #hauntedmanchester #mcrmonsters #manchesterukğŸ‡¬ğŸ‡§ #halloweeninthecity #ilovemcr #thisismanchester",0,27/10/2019 19:36,https://scontent-lhr3-1.cdninstagram.com/vp/2f171294cda43f42cfb221a3a8ef1f09/5E537FB2/t51.2885-15/e35/71082301_985321451829718_6184961820586463345_n.jpg?_nc_ht=scontent-lhr3-1.cdninstagram.com&_nc_cat=110,6,lisa_nocturne,No photo description available.,promo art
"How rude to stick it's tongue out while I was getting my photo taken with it.

Monsters eh.

@innsidemcr
@halloweenmcr
@filthyluker
@cityco.manchesterbid
@visitmanchester

#halloween #halloween19 #halloween2019 #halloweenğŸƒ #halloweenğŸƒğŸ‘» #mcr #manchester #halloweeninthecity #manchesterhalloween #mcrhalloween #halloweenmanchester #halloweenmcr #mcrmonsters #monstersmcr #inflatable #inflatables #inflatablemarketing #arttrail #arttrails #mcrstreetart #manchesterstreetart",0,27/10/2019 20:02,https://scontent-lhr3-1.cdninstagram.com/vp/574d327c6db32c9780c587102370552f/5E44C7A6/t51.2885-15/e35/71919088_2482339205381533_8269237183376334987_n.jpg?_nc_ht=scontent-lhr3-1.cdninstagram.com&_nc_cat=101,6,richard_gottfried,Image may contain: outdoor,home gate
"Enjoyed a sunny afternoon stroll around Manchester city centre searching for the giant inflatable monsters! ğŸ˜ŠğŸƒX 
#mcrmonsters #halloweenmcr #halloween2019 #manchestercitycentre #inflatablemonsters #halloweeninthecity #autumnafternoon #monsterinvasionmanchester #instagay #gaygeek",3,27/10/2019 20:57,https://scontent-lhr3-1.cdninstagram.com/vp/6cc90317dbd31c73ce7dd5a53512f96b/5E4D33B4/t51.2885-15/e35/p1080x1080/73497410_2445199835605766_7221532320859450715_n.jpg?_nc_ht=scontent-lhr3-1.cdninstagram.com&_nc_cat=102,73,ricardowakko,Image may contain: outdoor,home gate
"Halloween in the City monster at the old Mayfield railway station in Manchester.

@halloweenmcr
@filthyluker
@cityco.manchesterbid
@visitmanchester
@mayfieldmanchester
@depotatmayfield

#halloween #halloween19 #halloween2019 #halloweenğŸƒ #halloweenğŸƒğŸ‘» #mcr #manchester #halloweeninthecity #manchesterhalloween #mcrhalloween #halloweenmanchester #halloweenmcr #mcrmonsters #mcrstreetart #streetartmcr #manchesterstreetart #monstersmcr #monstersinmcr #monstersmanchester #manchestermonsters #mayfieldstation #mayfieldrailwaystation #mayfielddepot",0,27/10/2019 21:04,https://scontent-lhr3-1.cdninstagram.com/vp/5b669f07ad409bd49496ee8fbaa4174a/5E4D1FC7/t51.2885-15/e35/75318259_417315532289661_4015516337233941615_n.jpg?_nc_ht=scontent-lhr3-1.cdninstagram.com&_nc_cat=109,2,richard_gottfried,"Image may contain: cloud, sky and outdoor",orange eyes
"If you're in Manchester then I suggest you LOOK UP!

@halloweenmcr
@filthyluker
@cityco.manchesterbid
@visitmanchester
@mayfieldmanchester
@depotatmayfield

#halloween #halloween19 #halloween2019 #halloweenğŸƒ #halloweenğŸƒğŸ‘» #mcr #manchester #halloweeninthecity #manchesterhalloween #mcrhalloween #halloweenmanchester #halloweenmcr #mcrmonsters #mcrstreetart #streetartmcr #manchesterstreetart #monstersmcr #monstersinmcr #monstersmanchester #manchestermonsters #mayfieldstation #mayfieldrailwaystation #mayfielddepot",0,27/10/2019 21:09,https://scontent-lhr3-1.cdninstagram.com/vp/0ddb1edb7dc830fb690d18c8ffe67b33/5DBAA4D3/t51.2885-15/e35/71278377_141972533797664_4559413003744149849_n.jpg?_nc_ht=scontent-lhr3-1.cdninstagram.com&_nc_cat=108,4,richard_gottfried,NA,other
"My favourite Halloween in the City monster is at the old Mayfield railway station in Manchester.

@halloweenmcr
@filthyluker
@cityco.manchesterbid
@visitmanchester
@mayfieldmanchester
@depotatmayfield

#halloween #halloween19 #halloween2019 #halloweenğŸƒ #halloweenğŸƒğŸ‘» #mcr #manchester #halloweeninthecity #manchesterhalloween #mcrhalloween #halloweenmanchester #halloweenmcr #mcrmonsters #mcrstreetart #streetartmcr #manchesterstreetart #monstersmcr #monstersinmcr #monstersmanchester #manchestermonsters #mayfieldstation #mayfieldrailwaystation #mayfielddepot",0,27/10/2019 21:10,https://scontent-lhr3-1.cdninstagram.com/vp/6a155f62000fb4febbebdbcef60d1aef/5E5096EB/t51.2885-15/e35/72926682_448191079156694_6763886312593677181_n.jpg?_nc_ht=scontent-lhr3-1.cdninstagram.com&_nc_cat=102,7,richard_gottfried,Image may contain: sky and outdoor,orange eyes
"Piccadilly Place is looking so colourful these days and the Halloween in the City monster tops it off nicely.

@halloweenmcr
@filthyluker
@cityco.manchesterbid
@visitmanchester

#halloween #halloween19 #halloween2019 #halloweenğŸƒ #halloweenğŸƒğŸ‘» #mcr #manchester #halloweeninthecity #manchesterhalloween #mcrhalloween #halloweenmanchester #halloweenmcr #mcrmonsters #mcrstreetart #streetartmcr #manchesterstreetart #monstersmcr #monstersinmcr #monstersmanchester #manchestermonsters #inflatable #inflatables #piccadillyplace #piccadillyplacemcr",0,27/10/2019 21:12,https://scontent-lhr3-1.cdninstagram.com/vp/bd4f54bf1e9e4d01ef9bfdf6bfcbcf59/5E4F078A/t51.2885-15/e35/73387366_174898480325684_3751095734902635608_n.jpg?_nc_ht=scontent-lhr3-1.cdninstagram.com&_nc_cat=108,4,richard_gottfried,Image may contain: outdoor,blue bigmouth
"The Halloween in the City monster at Piccadilly Place.

It's there until the 31st.

@halloweenmcr
@filthyluker
@cityco.manchesterbid
@visitmanchester

#halloween #halloween19 #halloween2019 #halloweenğŸƒ #halloweenğŸƒğŸ‘» #mcr #manchester #halloweeninthecity #manchesterhalloween #mcrhalloween #halloweenmanchester #halloweenmcr #mcrmonsters #mcrstreetart #streetartmcr #manchesterstreetart #monstersmcr #monstersinmcr #monstersmanchester #manchestermonsters #inflatable #inflatables",0,27/10/2019 21:15,https://scontent-lhr3-1.cdninstagram.com/vp/1b134b76a73b8126d5a528e8f3acfed3/5DBA5F4D/t51.2885-15/e35/71528354_2489383477962156_1737752601271084390_n.jpg?_nc_ht=scontent-lhr3-1.cdninstagram.com&_nc_cat=100,3,richard_gottfried,NA,other
"Look up!

The Halloween in the City monster @nativemcr on Ducie Street.

@halloweenmcr
@filthyluker
@cityco.manchesterbid
@visitmanchester

#halloween #halloween19 #halloween2019 #halloweenğŸƒ #halloweenğŸƒğŸ‘» #mcr #manchester #halloweeninthecity #manchesterhalloween #mcrhalloween #halloweenmanchester #halloweenmcr #mcrmonsters #mcrstreetart #streetartmcr #manchesterstreetart #monstersmcr #monstersinmcr #monstersmanchester #manchestermonsters #inflatable #inflatables #nativemcr",0,27/10/2019 21:19,https://scontent-lhr3-1.cdninstagram.com/vp/1d4e7effef93fe571b5f40c71c4f4fcd/5DBA65CB/t51.2885-15/e35/75200980_2551686941729284_3471358073740771807_n.jpg?_nc_ht=scontent-lhr3-1.cdninstagram.com&_nc_cat=104,4,richard_gottfried,NA,other
"Manchester is superb for street art.

An Obey Andre the Giant sticker and the Halloween in the City monster @nativemcr on Ducie Street.

@obeygiant
@filthyluker
@visitmanchester

#halloween #mcr #manchester #halloweeninthecity #manchesterhalloween #mcrhalloween #halloweenmanchester #halloweenmcr #mcrmonsters #mcrstreetart #streetartmcr #manchesterstreetart #monstersmcr #monstersinmcr #monstersmanchester #manchestermonsters #obeyandrethegiantsticker #obey #obeyandrethegiant #streetarteverywhere",0,27/10/2019 21:23,https://scontent-lhr3-1.cdninstagram.com/vp/f7b1d235fe378773084c93e4a3e6fa30/5E4501CA/t51.2885-15/e35/71521602_2466081737047107_8675535136868053129_n.jpg?_nc_ht=scontent-lhr3-1.cdninstagram.com&_nc_cat=103,5,richard_gottfried,Image may contain: sky and outdoor,blob
"Halloween in the city ğŸƒ ğŸ‘»
@halloweenmcr
.
.
.
#halloweenmcr #manchester #ilovemcr #halloween #monster #mcrmonsters #monsterinvasion #monsters #uk",1,27/10/2019 21:33,https://scontent-lhr3-1.cdninstagram.com/vp/3429c5d0c7fc68ed719add6ce9c9d9aa/5E63AE4E/t51.2885-15/e35/71093563_2500325853561445_4229913389680023604_n.jpg?_nc_ht=scontent-lhr3-1.cdninstagram.com&_nc_cat=101,22,atesh052,Image may contain: sky and outdoor,purple arndale
"We had a brilliant day out in Manchester today.

Halloween in the City was superb.

@halloweenmcr
@filthyluker
@cityco.manchesterbid
@visitmanchester

#halloween #halloween19 #halloween2019 #halloweenğŸƒ #halloweenğŸƒğŸ‘» #mcr #manchester #halloweeninthecity #manchesterhalloween #mcrhalloween #halloweenmanchester #halloweenmcr #mcrmonsters #monstersmcr #inflatable #inflatables #inflatablemarketing #arttrail #arttrails #mcrstreetart #manchesterstreetart

@emslemsgottfried",0,27/10/2019 21:57,https://scontent-lhr3-1.cdninstagram.com/vp/3e14498ce405af7eab3afb649fdbeb22/5E48F991/t51.2885-15/e35/72672138_140037827337308_3901330299538573693_n.jpg?_nc_ht=scontent-lhr3-1.cdninstagram.com&_nc_cat=108,7,richard_gottfried,"Image may contain: tree, plant, sky and outdoor",event
"Great to see events we participate in doing so well!  @halloweenmcr What a fantastic day. Weâ€™ve never seen #Manchester city centre so busy with so many families. Thank you to everyone for heading to #halloweenmcr and for all our participants, partners and media supporters ğŸ’š If you had fun, keep an eye on our next event for @chinesenewyearmcr ğŸ‰ Our  #MCRMonsters will continue to haunt the rooftops â€˜til Halloween 31st. Look Up â¬†ï¸
..
..
..
..
#StreetEvent #StreetFestival #Events #FamilyFestival #ManchesterBID #CityCo 
#BusinessImprovementDistrict",4,28/10/2019 00:02,https://scontent-lhr3-1.cdninstagram.com/vp/9323e233449ef7c84f301596f1e3e50b/5E436790/t51.2885-15/e35/70808196_620565601806813_9128984535554003341_n.jpg?_nc_ht=scontent-lhr3-1.cdninstagram.com&_nc_cat=109,9,hedgeforce,"Image may contain: one or more people, outdoor and nature",event
"A Halloween in the City monster at Spinningfields in Manchester.

@halloweenmcr
@filthyluker
@cityco.manchesterbid
@visitmanchester

#halloween #halloween19 #halloween2019 #halloweenğŸƒ #halloweenğŸƒğŸ‘» #mcr #manchester #halloweeninthecity #manchesterhalloween #mcrhalloween #halloweenmanchester #halloweenmcr #mcrmonsters #mcrstreetart #streetartmcr #manchesterstreetart #monstersmcr #monstersinmcr #monstersmanchester #manchestermonsters",0,28/10/2019 09:25,https://scontent-lhr3-1.cdninstagram.com/vp/6225fa10d5ee98b8028d987480760203/5DBA4A1A/t51.2885-15/e35/76744627_541425946710900_4698860228890334297_n.jpg?_nc_ht=scontent-lhr3-1.cdninstagram.com&_nc_cat=100,5,richard_gottfried,NA,event
"A Halloween in the City monster at Spinningfields in Manchester.

@halloweenmcr
@filthyluker
@cityco.manchesterbid
@visitmanchester

#halloween #halloween19 #halloween2019 #halloweenğŸƒ #halloweenğŸƒğŸ‘» #mcr #manchester #halloweeninthecity #manchesterhalloween #mcrhalloween #halloweenmanchester #halloweenmcr #mcrmonsters #mcrstreetart #streetartmcr #manchesterstreetart #monstersmcr #monstersinmcr #monstersmanchester #manchestermonsters",0,28/10/2019 09:37,https://scontent-lhr3-1.cdninstagram.com/vp/676f87dcf958a6723e48f831b01695ba/5DBABC4F/t51.2885-15/e35/75379791_159466385151473_2650169808617708934_n.jpg?_nc_ht=scontent-lhr3-1.cdninstagram.com&_nc_cat=105,8,richard_gottfried,NA,event
"Weâ€™re very spooked! ğŸ‘»ğŸƒ
#halloweenmcr

#Repost @royalexchangemanchester (@get_repost)
ãƒ»ãƒ»ãƒ»
Fabulous shot of our #MCRMonsters from @andrewstuart1 ğŸ’™
.
.
.
.
#royalexchangemanchester #theroyalexchangemanchester #manchester #mcr #mcruk #halloween #halloweenmcr #ilovemcr #photo #photography #igersmcr #shops #shopping #retailtherapy #cafe #coffeeshop #food #instafood #boutique #uniquelymanchester",0,28/10/2019 11:11,https://scontent-lhr3-1.cdninstagram.com/vp/36bbdc866eab15334cead4b4fbea0569/5E598416/t51.2885-15/e35/s1080x1080/75156335_2507090269406216_3185095454024085895_n.jpg?_nc_ht=scontent-lhr3-1.cdninstagram.com&_nc_cat=108,64,anniesmanchester,Image may contain: outdoor,royal exchange tentacles
Halloween countdown #manchester #mypointğŸ§fview #thisismanchester #thisismcr #welovemcr #manchesterphotography #manchesterphotographyclub #thisisourmanchester #travelgram #mancunian #mcr_follow #mysecretmanchester #bestmanchester #onemanchester #mcr_follow #lovingmanchester #mcrmonsters #halloweenmcr,0,28/10/2019 14:13,https://scontent-lhr3-1.cdninstagram.com/vp/4d70466288bca8498983b19766f032bc/5E4F5796/t51.2885-15/e35/p1080x1080/72456435_945426322483501_6819243774404712378_n.jpg?_nc_ht=scontent-lhr3-1.cdninstagram.com&_nc_cat=101,29,elmpopet,"Image may contain: sky, plant, tree and outdoor",flame banana
"We are under attack, again and again!! ğŸ˜±
.
.
#MCRMonsters #MonsterInvasion #Halloween #Manchester #ILoveMCR #BestOfMCR #Wanderlust #Photography #PhotoOfTheDay #MCR #HalloweenMCR #Halloween2019 @the.manc #UrbanPhotography #CityLife #InstagrammersOfManchester #ManchesterLife #Manchestergram #MCR_Follow #MCR_Edit",0,28/10/2019 15:15,https://scontent-lhr3-1.cdninstagram.com/vp/e86f079b9c2c09275e98477e4bfa17a5/5E6454EF/t51.2885-15/e35/s1080x1080/73505134_139226394040334_5175220032391174677_n.jpg?_nc_ht=scontent-lhr3-1.cdninstagram.com&_nc_cat=102,31,zahco,"Image may contain: cloud, sky and outdoor",orange eyes
"The #mcrmonsters trail took us all around the city this morning and we found them all apart from the one at Mayfield. These colourful monsters really brighten up the city centre ğŸ‘¾ğŸ‘»
#halloweenmcr
.
.
#visitmanchester #visitengland  #manc #manchester #lovinmanchester #totalmanchester #visitgreatbritain 
#manchestersightseeing #manchesterobsessed #mysecretmanchester
#urban #urbanphotography #citylife
#igersmcr
#itsallaboutmanchester
#manchestertoday 
#manchesterphotos 
#photosofmanchester 
#instagrammersofmanchester 
#mancunian 
#mcrgrammers
#observationalphotography
#halloween 
#monsters
#monsterinvasion
#halloweeninthecity",7,28/10/2019 15:41,https://scontent-lhr3-1.cdninstagram.com/vp/c323cda5442dffc8f6186ea406466678/5E65316B/t51.2885-15/e35/72643353_416283219047921_8104325688116987571_n.jpg?_nc_ht=scontent-lhr3-1.cdninstagram.com&_nc_cat=105,66,for_the_love_of_manc,Image may contain: outdoor,home gate
"Weâ€™ve unleashed the beast! Our resident slime monster Sli-am Ghoullagher has emerged from the depths of Great Northern to celebrate Halloween with us ğŸƒPay our friendly Sli-am a visit, if it ten-tickles your fancy ğŸ˜‰ ğŸ™

#Manchester #MCR #Deansgate #WhatsOn #Manc #GNW #GreatNorthernWarehouse #GreaterManchester #Cheshire #MCRUK #HalloweenMCR #VisitMCR #MCRMonsters #Halloween #LovinManchester #Monsters #MonsterInvasion #MCRGrammers #Mancunian",3,28/10/2019 16:48,https://scontent-lhr3-1.cdninstagram.com/vp/b5dd94ce54eb7d7145f421f8434c6a4f/5E4BFDA3/t51.2885-15/e35/p1080x1080/75300046_354026838709839_3441766139895525370_n.jpg?_nc_ht=scontent-lhr3-1.cdninstagram.com&_nc_cat=103,118,gnwmanchester,Image may contain: outdoor,great northern tentacles
"One more of the #mcrmonsters, looming in the afternoon light",3,28/10/2019 21:09,https://scontent-lhr3-1.cdninstagram.com/vp/39f072137fd1955feddf5381df24bb29/5E5A100A/t51.2885-15/e35/s1080x1080/73119875_1169428576601283_2394058075094017043_n.jpg?_nc_ht=scontent-lhr3-1.cdninstagram.com&_nc_cat=103,65,mactire,"Image may contain: sky, cloud and outdoor",great northern tentacles
"Bertie... itâ€™s behind you!!! .
.
. 
80% of you said you were ready for more of the awesome #mcrmonsters & I needed a break & brew so...
.
.
.

I love the @filthyluker @halloweenmcr monsters for @cityco.manchesterbid & @visitmanchester! I know most of you know how much I love Halloween!! & how much I love having things to hunt down & ğŸ“¸ the puppies with, so this is bringing me so much joy! & having a wide angle lens on my phone is pretty awesome, even I really donâ€™t know how to use my phone or shoot with a wide angle ğŸ˜…ğŸ˜‚
.
.
.

Have you had fun hunting down the monsters? Have you managed to spot them all yet? ğŸ‘»ğŸƒ",5,28/10/2019 22:21,https://scontent-lhr3-1.cdninstagram.com/vp/7d5ce0fb83112b0e526bc9ed593a83f4/5E3F7B72/t51.2885-15/e35/s1080x1080/75562964_165863991195609_8023456637396084047_n.jpg?_nc_ht=scontent-lhr3-1.cdninstagram.com&_nc_cat=109,69,wolversonswolfpack,"Image may contain: sky, cloud and outdoor",great northern tentacles
"Manchester is looking spooky
.
.
.
#manchestermonsters #manchester #halloween #spooky #monsters #jackolantern #houseoffraser #royalexchange #spinningfields #jackolanterns #mcr #manchestergram #boo #manchesteruk #monstersinmanchester #halloweeninthecity #manchesterhalloween #halloweenmanchester #halloweenmcr #mcrhalloween #mcrmonsters #nofilter #nofilterneeded #pumpkin #pumpkins #stannssquare #deansgate",0,28/10/2019 22:51,https://scontent-lhr3-1.cdninstagram.com/vp/33a5464fde207ef2e9d455d249b566d0/5E57BF8C/t51.2885-15/e35/s1080x1080/73277064_138077794162453_5332621146646613630_n.jpg?_nc_ht=scontent-lhr3-1.cdninstagram.com&_nc_cat=101,8,lisamkhoran,No photo description available.,green scream
"#Repost @gnwmanchester ãƒ»ãƒ»ãƒ»
Weâ€™ve unleashed the beast! Our resident slime monster Sli-am Ghoullagher has emerged from the depths of Great Northern to celebrate Halloween with us ğŸƒPay our friendly Sli-am a visit, if it ten-tickles your fancy ğŸ˜‰ ğŸ™

#Manchester #MCR #Deansgate #WhatsOn #Manc #GNW #GreatNorthernWarehouse #GreaterManchester #Cheshire #MCRUK #HalloweenMCR #VisitMCR #MCRMonsters #Halloween #LovinManchester #Monsters #MonsterInvasion #MCRGrammers #Mancunian",0,29/10/2019 00:42,https://scontent-lhr3-1.cdninstagram.com/vp/9885381b6e6e74c6af699c323dbdc154/5E591CCB/t51.2885-15/e35/p1080x1080/74666983_159622995242005_6412285364244814720_n.jpg?_nc_ht=scontent-lhr3-1.cdninstagram.com&_nc_cat=101,3,danielclarkemcr,Image may contain: outdoor,great northern tentacles